/*
 * sock_abi_bin.h —— 自动生成：stage4 sock_abi 测试 ELF32 内嵌数组
 * ⚠️ 请勿手改：由 Makefile 目标 sock_abi_bin.h 重新生成。
 * 内容：sock_abi_test.elf 全文（ELF32 i386 LSB ET_EXEC），加载契约同 shell_bin.h。
 */
#ifndef CATOS_SOCK_ABI_BIN_H
#define CATOS_SOCK_ABI_BIN_H
#include <stdint.h>
unsigned char sock_abi_elf[] = {
  0x7f, 0x45, 0x4c, 0x46, 0x01, 0x01, 0x01, 0x00, 0x00, 0x00, 0x00, 0x00,
  0x00, 0x00, 0x00, 0x00, 0x02, 0x00, 0x03, 0x00, 0x01, 0x00, 0x00, 0x00,
  0x50, 0x19, 0x40, 0x00, 0x34, 0x00, 0x00, 0x00, 0x10, 0x48, 0x00, 0x00,
  0x00, 0x00, 0x00, 0x00, 0x34, 0x00, 0x20, 0x00, 0x05, 0x00, 0x28, 0x00,
  0x08, 0x00, 0x07, 0x00, 0x01, 0x00, 0x00, 0x00, 0x00, 0x00, 0x00, 0x00,
  0x00, 0xf0, 0x3f, 0x00, 0x00, 0xf0, 0x3f, 0x00, 0xd4, 0x00, 0x00, 0x00,
  0xd4, 0x00, 0x00, 0x00, 0x04, 0x00, 0x00, 0x00, 0x00, 0x10, 0x00, 0x00,
  0x01, 0x00, 0x00, 0x00, 0x00, 0x10, 0x00, 0x00, 0x00, 0x00, 0x40, 0x00,
  0x00, 0x00, 0x40, 0x00, 0x55, 0x19, 0x00, 0x00, 0x55, 0x19, 0x00, 0x00,
  0x05, 0x00, 0x00, 0x00, 0x00, 0x10, 0x00, 0x00, 0x01, 0x00, 0x00, 0x00,
  0x00, 0x30, 0x00, 0x00, 0x00, 0x20, 0x40, 0x00, 0x00, 0x20, 0x40, 0x00,
  0x5c, 0x15, 0x00, 0x00, 0x5c, 0x15, 0x00, 0x00, 0x04, 0x00, 0x00, 0x00,
  0x00, 0x10, 0x00, 0x00, 0x01, 0x00, 0x00, 0x00, 0x60, 0x05, 0x00, 0x00,
  0x60, 0x45, 0x40, 0x00, 0x60, 0x45, 0x40, 0x00, 0x00, 0x00, 0x00, 0x00,
  0xa0, 0x02, 0x00, 0x00, 0x06, 0x00, 0x00, 0x00, 0x00, 0x10, 0x00, 0x00,
  0x51, 0xe5, 0x74, 0x64, 0x00, 0x00, 0x00, 0x00, 0x00, 0x00, 0x00, 0x00,
  0x00, 0x00, 0x00, 0x00, 0x00, 0x00, 0x00, 0x00, 0x00, 0x00, 0x00, 0x00,
  0x06, 0x00, 0x00, 0x00, 0x10, 0x00, 0x00, 0x00, 0x00, 0x00, 0x00, 0x00,
  0x00, 0x00, 0x00, 0x00, 0x00, 0x00, 0x00, 0x00, 0x00, 0x00, 0x00, 0x00,
  0x00, 0x00, 0x00, 0x00, 0x00, 0x00, 0x00, 0x00, 0x00, 0x00, 0x00, 0x00,
  0x00, 0x00, 0x00, 0x00, 0x00, 0x00, 0x00, 0x00, 0x00, 0x00, 0x00, 0x00,
  0x00, 0x00, 0x00, 0x00, 0x00, 0x00, 0x00, 0x00, 0x00, 0x00, 0x00, 0x00,
  0x00, 0x00, 0x00, 0x00, 0x00, 0x00, 0x00, 0x00, 0x00, 0x00, 0x00, 0x00,
  0x00, 0x00, 0x00, 0x00, 0x00, 0x00, 0x00, 0x00, 0x00, 0x00, 0x00, 0x00,
  0x00, 0x00, 0x00, 0x00, 0x00, 0x00, 0x00, 0x00, 0x00, 0x00, 0x00, 0x00,
  0x00, 0x00, 0x00, 0x00, 0x00, 0x00, 0x00, 0x00, 0x00, 0x00, 0x00, 0x00,
  0x00, 0x00, 0x00, 0x00, 0x00, 0x00, 0x00, 0x00, 0x00, 0x00, 0x00, 0x00,
  0x00, 0x00, 0x00, 0x00, 0x00, 0x00, 0x00, 0x00, 0x00, 0x00, 0x00, 0x00,
  0x00, 0x00, 0x00, 0x00, 0x00, 0x00, 0x00, 0x00, 0x00, 0x00, 0x00, 0x00,
  0x00, 0x00, 0x00, 0x00, 0x00, 0x00, 0x00, 0x00, 0x00, 0x00, 0x00, 0x00,
  0x00, 0x00, 0x00, 0x00, 0x00, 0x00, 0x00, 0x00, 0x00, 0x00, 0x00, 0x00,
  0x00, 0x00, 0x00, 0x00, 0x00, 0x00, 0x00, 0x00, 0x00, 0x00, 0x00, 0x00,
  0x00, 0x00, 0x00, 0x00, 0x00, 0x00, 0x00, 0x00, 0x00, 0x00, 0x00, 0x00,
  0x00, 0x00, 0x00, 0x00, 0x00, 0x00, 0x00, 0x00, 0x00, 0x00, 0x00, 0x00,
  0x00, 0x00, 0x00, 0x00, 0x00, 0x00, 0x00, 0x00, 0x00, 0x00, 0x00, 0x00,
  0x00, 0x00, 0x00, 0x00, 0x00, 0x00, 0x00, 0x00, 0x00, 0x00, 0x00, 0x00,
  0x00, 0x00, 0x00, 0x00, 0x00, 0x00, 0x00, 0x00, 0x00, 0x00, 0x00, 0x00,
  0x00, 0x00, 0x00, 0x00, 0x00, 0x00, 0x00, 0x00, 0x00, 0x00, 0x00, 0x00,
  0x00, 0x00, 0x00, 0x00, 0x00, 0x00, 0x00, 0x00, 0x00, 0x00, 0x00, 0x00,
  0x00, 0x00, 0x00, 0x00, 0x00, 0x00, 0x00, 0x00, 0x00, 0x00, 0x00, 0x00,
  0x00, 0x00, 0x00, 0x00, 0x00, 0x00, 0x00, 0x00, 0x00, 0x00, 0x00, 0x00,
  0x00, 0x00, 0x00, 0x00, 0x00, 0x00, 0x00, 0x00, 0x00, 0x00, 0x00, 0x00,
  0x00, 0x00, 0x00, 0x00, 0x00, 0x00, 0x00, 0x00, 0x00, 0x00, 0x00, 0x00,
  0x00, 0x00, 0x00, 0x00, 0x00, 0x00, 0x00, 0x00, 0x00, 0x00, 0x00, 0x00,
  0x00, 0x00, 0x00, 0x00, 0x00, 0x00, 0x00, 0x00, 0x00, 0x00, 0x00, 0x00,
  0x00, 0x00, 0x00, 0x00, 0x00, 0x00, 0x00, 0x00, 0x00, 0x00, 0x00, 0x00,
  0x00, 0x00, 0x00, 0x00, 0x00, 0x00, 0x00, 0x00, 0x00, 0x00, 0x00, 0x00,
  0x00, 0x00, 0x00, 0x00, 0x00, 0x00, 0x00, 0x00, 0x00, 0x00, 0x00, 0x00,
  0x00, 0x00, 0x00, 0x00, 0x00, 0x00, 0x00, 0x00, 0x00, 0x00, 0x00, 0x00,
  0x00, 0x00, 0x00, 0x00, 0x00, 0x00, 0x00, 0x00, 0x00, 0x00, 0x00, 0x00,
  0x00, 0x00, 0x00, 0x00, 0x00, 0x00, 0x00, 0x00, 0x00, 0x00, 0x00, 0x00,
  0x00, 0x00, 0x00, 0x00, 0x00, 0x00, 0x00, 0x00, 0x00, 0x00, 0x00, 0x00,
  0x00, 0x00, 0x00, 0x00, 0x00, 0x00, 0x00, 0x00, 0x00, 0x00, 0x00, 0x00,
  0x00, 0x00, 0x00, 0x00, 0x00, 0x00, 0x00, 0x00, 0x00, 0x00, 0x00, 0x00,
  0x00, 0x00, 0x00, 0x00, 0x00, 0x00, 0x00, 0x00, 0x00, 0x00, 0x00, 0x00,
  0x00, 0x00, 0x00, 0x00, 0x00, 0x00, 0x00, 0x00, 0x00, 0x00, 0x00, 0x00,
  0x00, 0x00, 0x00, 0x00, 0x00, 0x00, 0x00, 0x00, 0x00, 0x00, 0x00, 0x00,
  0x00, 0x00, 0x00, 0x00, 0x00, 0x00, 0x00, 0x00, 0x00, 0x00, 0x00, 0x00,
  0x00, 0x00, 0x00, 0x00, 0x00, 0x00, 0x00, 0x00, 0x00, 0x00, 0x00, 0x00,
  0x00, 0x00, 0x00, 0x00, 0x00, 0x00, 0x00, 0x00, 0x00, 0x00, 0x00, 0x00,
  0x00, 0x00, 0x00, 0x00, 0x00, 0x00, 0x00, 0x00, 0x00, 0x00, 0x00, 0x00,
  0x00, 0x00, 0x00, 0x00, 0x00, 0x00, 0x00, 0x00, 0x00, 0x00, 0x00, 0x00,
  0x00, 0x00, 0x00, 0x00, 0x00, 0x00, 0x00, 0x00, 0x00, 0x00, 0x00, 0x00,
  0x00, 0x00, 0x00, 0x00, 0x00, 0x00, 0x00, 0x00, 0x00, 0x00, 0x00, 0x00,
  0x00, 0x00, 0x00, 0x00, 0x00, 0x00, 0x00, 0x00, 0x00, 0x00, 0x00, 0x00,
  0x00, 0x00, 0x00, 0x00, 0x00, 0x00, 0x00, 0x00, 0x00, 0x00, 0x00, 0x00,
  0x00, 0x00, 0x00, 0x00, 0x00, 0x00, 0x00, 0x00, 0x00, 0x00, 0x00, 0x00,
  0x00, 0x00, 0x00, 0x00, 0x00, 0x00, 0x00, 0x00, 0x00, 0x00, 0x00, 0x00,
  0x00, 0x00, 0x00, 0x00, 0x00, 0x00, 0x00, 0x00, 0x00, 0x00, 0x00, 0x00,
  0x00, 0x00, 0x00, 0x00, 0x00, 0x00, 0x00, 0x00, 0x00, 0x00, 0x00, 0x00,
  0x00, 0x00, 0x00, 0x00, 0x00, 0x00, 0x00, 0x00, 0x00, 0x00, 0x00, 0x00,
  0x00, 0x00, 0x00, 0x00, 0x00, 0x00, 0x00, 0x00, 0x00, 0x00, 0x00, 0x00,
  0x00, 0x00, 0x00, 0x00, 0x00, 0x00, 0x00, 0x00, 0x00, 0x00, 0x00, 0x00,
  0x00, 0x00, 0x00, 0x00, 0x00, 0x00, 0x00, 0x00, 0x00, 0x00, 0x00, 0x00,
  0x00, 0x00, 0x00, 0x00, 0x00, 0x00, 0x00, 0x00, 0x00, 0x00, 0x00, 0x00,
  0x00, 0x00, 0x00, 0x00, 0x00, 0x00, 0x00, 0x00, 0x00, 0x00, 0x00, 0x00,
  0x00, 0x00, 0x00, 0x00, 0x00, 0x00, 0x00, 0x00, 0x00, 0x00, 0x00, 0x00,
  0x00, 0x00, 0x00, 0x00, 0x00, 0x00, 0x00, 0x00, 0x00, 0x00, 0x00, 0x00,
  0x00, 0x00, 0x00, 0x00, 0x00, 0x00, 0x00, 0x00, 0x00, 0x00, 0x00, 0x00,
  0x00, 0x00, 0x00, 0x00, 0x00, 0x00, 0x00, 0x00, 0x00, 0x00, 0x00, 0x00,
  0x00, 0x00, 0x00, 0x00, 0x00, 0x00, 0x00, 0x00, 0x00, 0x00, 0x00, 0x00,
  0x00, 0x00, 0x00, 0x00, 0x00, 0x00, 0x00, 0x00, 0x00, 0x00, 0x00, 0x00,
  0x00, 0x00, 0x00, 0x00, 0x00, 0x00, 0x00, 0x00, 0x00, 0x00, 0x00, 0x00,
  0x00, 0x00, 0x00, 0x00, 0x00, 0x00, 0x00, 0x00, 0x00, 0x00, 0x00, 0x00,
  0x00, 0x00, 0x00, 0x00, 0x00, 0x00, 0x00, 0x00, 0x00, 0x00, 0x00, 0x00,
  0x00, 0x00, 0x00, 0x00, 0x00, 0x00, 0x00, 0x00, 0x00, 0x00, 0x00, 0x00,
  0x00, 0x00, 0x00, 0x00, 0x00, 0x00, 0x00, 0x00, 0x00, 0x00, 0x00, 0x00,
  0x00, 0x00, 0x00, 0x00, 0x00, 0x00, 0x00, 0x00, 0x00, 0x00, 0x00, 0x00,
  0x00, 0x00, 0x00, 0x00, 0x00, 0x00, 0x00, 0x00, 0x00, 0x00, 0x00, 0x00,
  0x00, 0x00, 0x00, 0x00, 0x00, 0x00, 0x00, 0x00, 0x00, 0x00, 0x00, 0x00,
  0x00, 0x00, 0x00, 0x00, 0x00, 0x00, 0x00, 0x00, 0x00, 0x00, 0x00, 0x00,
  0x00, 0x00, 0x00, 0x00, 0x00, 0x00, 0x00, 0x00, 0x00, 0x00, 0x00, 0x00,
  0x00, 0x00, 0x00, 0x00, 0x00, 0x00, 0x00, 0x00, 0x00, 0x00, 0x00, 0x00,
  0x00, 0x00, 0x00, 0x00, 0x00, 0x00, 0x00, 0x00, 0x00, 0x00, 0x00, 0x00,
  0x00, 0x00, 0x00, 0x00, 0x00, 0x00, 0x00, 0x00, 0x00, 0x00, 0x00, 0x00,
  0x00, 0x00, 0x00, 0x00, 0x00, 0x00, 0x00, 0x00, 0x00, 0x00, 0x00, 0x00,
  0x00, 0x00, 0x00, 0x00, 0x00, 0x00, 0x00, 0x00, 0x00, 0x00, 0x00, 0x00,
  0x00, 0x00, 0x00, 0x00, 0x00, 0x00, 0x00, 0x00, 0x00, 0x00, 0x00, 0x00,
  0x00, 0x00, 0x00, 0x00, 0x00, 0x00, 0x00, 0x00, 0x00, 0x00, 0x00, 0x00,
  0x00, 0x00, 0x00, 0x00, 0x00, 0x00, 0x00, 0x00, 0x00, 0x00, 0x00, 0x00,
  0x00, 0x00, 0x00, 0x00, 0x00, 0x00, 0x00, 0x00, 0x00, 0x00, 0x00, 0x00,
  0x00, 0x00, 0x00, 0x00, 0x00, 0x00, 0x00, 0x00, 0x00, 0x00, 0x00, 0x00,
  0x00, 0x00, 0x00, 0x00, 0x00, 0x00, 0x00, 0x00, 0x00, 0x00, 0x00, 0x00,
  0x00, 0x00, 0x00, 0x00, 0x00, 0x00, 0x00, 0x00, 0x00, 0x00, 0x00, 0x00,
  0x00, 0x00, 0x00, 0x00, 0x00, 0x00, 0x00, 0x00, 0x00, 0x00, 0x00, 0x00,
  0x00, 0x00, 0x00, 0x00, 0x00, 0x00, 0x00, 0x00, 0x00, 0x00, 0x00, 0x00,
  0x00, 0x00, 0x00, 0x00, 0x00, 0x00, 0x00, 0x00, 0x00, 0x00, 0x00, 0x00,
  0x00, 0x00, 0x00, 0x00, 0x00, 0x00, 0x00, 0x00, 0x00, 0x00, 0x00, 0x00,
  0x00, 0x00, 0x00, 0x00, 0x00, 0x00, 0x00, 0x00, 0x00, 0x00, 0x00, 0x00,
  0x00, 0x00, 0x00, 0x00, 0x00, 0x00, 0x00, 0x00, 0x00, 0x00, 0x00, 0x00,
  0x00, 0x00, 0x00, 0x00, 0x00, 0x00, 0x00, 0x00, 0x00, 0x00, 0x00, 0x00,
  0x00, 0x00, 0x00, 0x00, 0x00, 0x00, 0x00, 0x00, 0x00, 0x00, 0x00, 0x00,
  0x00, 0x00, 0x00, 0x00, 0x00, 0x00, 0x00, 0x00, 0x00, 0x00, 0x00, 0x00,
  0x00, 0x00, 0x00, 0x00, 0x00, 0x00, 0x00, 0x00, 0x00, 0x00, 0x00, 0x00,
  0x00, 0x00, 0x00, 0x00, 0x00, 0x00, 0x00, 0x00, 0x00, 0x00, 0x00, 0x00,
  0x00, 0x00, 0x00, 0x00, 0x00, 0x00, 0x00, 0x00, 0x00, 0x00, 0x00, 0x00,
  0x00, 0x00, 0x00, 0x00, 0x00, 0x00, 0x00, 0x00, 0x00, 0x00, 0x00, 0x00,
  0x00, 0x00, 0x00, 0x00, 0x00, 0x00, 0x00, 0x00, 0x00, 0x00, 0x00, 0x00,
  0x00, 0x00, 0x00, 0x00, 0x00, 0x00, 0x00, 0x00, 0x00, 0x00, 0x00, 0x00,
  0x00, 0x00, 0x00, 0x00, 0x00, 0x00, 0x00, 0x00, 0x00, 0x00, 0x00, 0x00,
  0x00, 0x00, 0x00, 0x00, 0x00, 0x00, 0x00, 0x00, 0x00, 0x00, 0x00, 0x00,
  0x00, 0x00, 0x00, 0x00, 0x00, 0x00, 0x00, 0x00, 0x00, 0x00, 0x00, 0x00,
  0x00, 0x00, 0x00, 0x00, 0x00, 0x00, 0x00, 0x00, 0x00, 0x00, 0x00, 0x00,
  0x00, 0x00, 0x00, 0x00, 0x00, 0x00, 0x00, 0x00, 0x00, 0x00, 0x00, 0x00,
  0x00, 0x00, 0x00, 0x00, 0x00, 0x00, 0x00, 0x00, 0x00, 0x00, 0x00, 0x00,
  0x00, 0x00, 0x00, 0x00, 0x00, 0x00, 0x00, 0x00, 0x00, 0x00, 0x00, 0x00,
  0x00, 0x00, 0x00, 0x00, 0x00, 0x00, 0x00, 0x00, 0x00, 0x00, 0x00, 0x00,
  0x00, 0x00, 0x00, 0x00, 0x00, 0x00, 0x00, 0x00, 0x00, 0x00, 0x00, 0x00,
  0x00, 0x00, 0x00, 0x00, 0x00, 0x00, 0x00, 0x00, 0x00, 0x00, 0x00, 0x00,
  0x00, 0x00, 0x00, 0x00, 0x00, 0x00, 0x00, 0x00, 0x00, 0x00, 0x00, 0x00,
  0x00, 0x00, 0x00, 0x00, 0x00, 0x00, 0x00, 0x00, 0x00, 0x00, 0x00, 0x00,
  0x00, 0x00, 0x00, 0x00, 0x00, 0x00, 0x00, 0x00, 0x00, 0x00, 0x00, 0x00,
  0x00, 0x00, 0x00, 0x00, 0x00, 0x00, 0x00, 0x00, 0x00, 0x00, 0x00, 0x00,
  0x00, 0x00, 0x00, 0x00, 0x00, 0x00, 0x00, 0x00, 0x00, 0x00, 0x00, 0x00,
  0x00, 0x00, 0x00, 0x00, 0x00, 0x00, 0x00, 0x00, 0x00, 0x00, 0x00, 0x00,
  0x00, 0x00, 0x00, 0x00, 0x00, 0x00, 0x00, 0x00, 0x00, 0x00, 0x00, 0x00,
  0x00, 0x00, 0x00, 0x00, 0x00, 0x00, 0x00, 0x00, 0x00, 0x00, 0x00, 0x00,
  0x00, 0x00, 0x00, 0x00, 0x00, 0x00, 0x00, 0x00, 0x00, 0x00, 0x00, 0x00,
  0x00, 0x00, 0x00, 0x00, 0x00, 0x00, 0x00, 0x00, 0x00, 0x00, 0x00, 0x00,
  0x00, 0x00, 0x00, 0x00, 0x00, 0x00, 0x00, 0x00, 0x00, 0x00, 0x00, 0x00,
  0x00, 0x00, 0x00, 0x00, 0x00, 0x00, 0x00, 0x00, 0x00, 0x00, 0x00, 0x00,
  0x00, 0x00, 0x00, 0x00, 0x00, 0x00, 0x00, 0x00, 0x00, 0x00, 0x00, 0x00,
  0x00, 0x00, 0x00, 0x00, 0x00, 0x00, 0x00, 0x00, 0x00, 0x00, 0x00, 0x00,
  0x00, 0x00, 0x00, 0x00, 0x00, 0x00, 0x00, 0x00, 0x00, 0x00, 0x00, 0x00,
  0x00, 0x00, 0x00, 0x00, 0x00, 0x00, 0x00, 0x00, 0x00, 0x00, 0x00, 0x00,
  0x00, 0x00, 0x00, 0x00, 0x00, 0x00, 0x00, 0x00, 0x00, 0x00, 0x00, 0x00,
  0x00, 0x00, 0x00, 0x00, 0x00, 0x00, 0x00, 0x00, 0x00, 0x00, 0x00, 0x00,
  0x00, 0x00, 0x00, 0x00, 0x00, 0x00, 0x00, 0x00, 0x00, 0x00, 0x00, 0x00,
  0x00, 0x00, 0x00, 0x00, 0x00, 0x00, 0x00, 0x00, 0x00, 0x00, 0x00, 0x00,
  0x00, 0x00, 0x00, 0x00, 0x00, 0x00, 0x00, 0x00, 0x00, 0x00, 0x00, 0x00,
  0x00, 0x00, 0x00, 0x00, 0x00, 0x00, 0x00, 0x00, 0x00, 0x00, 0x00, 0x00,
  0x00, 0x00, 0x00, 0x00, 0x00, 0x00, 0x00, 0x00, 0x00, 0x00, 0x00, 0x00,
  0x00, 0x00, 0x00, 0x00, 0x00, 0x00, 0x00, 0x00, 0x00, 0x00, 0x00, 0x00,
  0x00, 0x00, 0x00, 0x00, 0x00, 0x00, 0x00, 0x00, 0x00, 0x00, 0x00, 0x00,
  0x00, 0x00, 0x00, 0x00, 0x00, 0x00, 0x00, 0x00, 0x00, 0x00, 0x00, 0x00,
  0x00, 0x00, 0x00, 0x00, 0x00, 0x00, 0x00, 0x00, 0x00, 0x00, 0x00, 0x00,
  0x00, 0x00, 0x00, 0x00, 0x00, 0x00, 0x00, 0x00, 0x00, 0x00, 0x00, 0x00,
  0x00, 0x00, 0x00, 0x00, 0x00, 0x00, 0x00, 0x00, 0x00, 0x00, 0x00, 0x00,
  0x00, 0x00, 0x00, 0x00, 0x00, 0x00, 0x00, 0x00, 0x00, 0x00, 0x00, 0x00,
  0x00, 0x00, 0x00, 0x00, 0x00, 0x00, 0x00, 0x00, 0x00, 0x00, 0x00, 0x00,
  0x00, 0x00, 0x00, 0x00, 0x00, 0x00, 0x00, 0x00, 0x00, 0x00, 0x00, 0x00,
  0x00, 0x00, 0x00, 0x00, 0x00, 0x00, 0x00, 0x00, 0x00, 0x00, 0x00, 0x00,
  0x00, 0x00, 0x00, 0x00, 0x00, 0x00, 0x00, 0x00, 0x00, 0x00, 0x00, 0x00,
  0x00, 0x00, 0x00, 0x00, 0x00, 0x00, 0x00, 0x00, 0x00, 0x00, 0x00, 0x00,
  0x00, 0x00, 0x00, 0x00, 0x00, 0x00, 0x00, 0x00, 0x00, 0x00, 0x00, 0x00,
  0x00, 0x00, 0x00, 0x00, 0x00, 0x00, 0x00, 0x00, 0x00, 0x00, 0x00, 0x00,
  0x00, 0x00, 0x00, 0x00, 0x00, 0x00, 0x00, 0x00, 0x00, 0x00, 0x00, 0x00,
  0x00, 0x00, 0x00, 0x00, 0x00, 0x00, 0x00, 0x00, 0x00, 0x00, 0x00, 0x00,
  0x00, 0x00, 0x00, 0x00, 0x00, 0x00, 0x00, 0x00, 0x00, 0x00, 0x00, 0x00,
  0x00, 0x00, 0x00, 0x00, 0x00, 0x00, 0x00, 0x00, 0x00, 0x00, 0x00, 0x00,
  0x00, 0x00, 0x00, 0x00, 0x00, 0x00, 0x00, 0x00, 0x00, 0x00, 0x00, 0x00,
  0x00, 0x00, 0x00, 0x00, 0x00, 0x00, 0x00, 0x00, 0x00, 0x00, 0x00, 0x00,
  0x00, 0x00, 0x00, 0x00, 0x00, 0x00, 0x00, 0x00, 0x00, 0x00, 0x00, 0x00,
  0x00, 0x00, 0x00, 0x00, 0x00, 0x00, 0x00, 0x00, 0x00, 0x00, 0x00, 0x00,
  0x00, 0x00, 0x00, 0x00, 0x00, 0x00, 0x00, 0x00, 0x00, 0x00, 0x00, 0x00,
  0x00, 0x00, 0x00, 0x00, 0x00, 0x00, 0x00, 0x00, 0x00, 0x00, 0x00, 0x00,
  0x00, 0x00, 0x00, 0x00, 0x00, 0x00, 0x00, 0x00, 0x00, 0x00, 0x00, 0x00,
  0x00, 0x00, 0x00, 0x00, 0x00, 0x00, 0x00, 0x00, 0x00, 0x00, 0x00, 0x00,
  0x00, 0x00, 0x00, 0x00, 0x00, 0x00, 0x00, 0x00, 0x00, 0x00, 0x00, 0x00,
  0x00, 0x00, 0x00, 0x00, 0x00, 0x00, 0x00, 0x00, 0x00, 0x00, 0x00, 0x00,
  0x00, 0x00, 0x00, 0x00, 0x00, 0x00, 0x00, 0x00, 0x00, 0x00, 0x00, 0x00,
  0x00, 0x00, 0x00, 0x00, 0x00, 0x00, 0x00, 0x00, 0x00, 0x00, 0x00, 0x00,
  0x00, 0x00, 0x00, 0x00, 0x00, 0x00, 0x00, 0x00, 0x00, 0x00, 0x00, 0x00,
  0x00, 0x00, 0x00, 0x00, 0x00, 0x00, 0x00, 0x00, 0x00, 0x00, 0x00, 0x00,
  0x00, 0x00, 0x00, 0x00, 0x00, 0x00, 0x00, 0x00, 0x00, 0x00, 0x00, 0x00,
  0x00, 0x00, 0x00, 0x00, 0x00, 0x00, 0x00, 0x00, 0x00, 0x00, 0x00, 0x00,
  0x00, 0x00, 0x00, 0x00, 0x00, 0x00, 0x00, 0x00, 0x00, 0x00, 0x00, 0x00,
  0x00, 0x00, 0x00, 0x00, 0x00, 0x00, 0x00, 0x00, 0x00, 0x00, 0x00, 0x00,
  0x00, 0x00, 0x00, 0x00, 0x00, 0x00, 0x00, 0x00, 0x00, 0x00, 0x00, 0x00,
  0x00, 0x00, 0x00, 0x00, 0x00, 0x00, 0x00, 0x00, 0x00, 0x00, 0x00, 0x00,
  0x00, 0x00, 0x00, 0x00, 0x00, 0x00, 0x00, 0x00, 0x00, 0x00, 0x00, 0x00,
  0x00, 0x00, 0x00, 0x00, 0x00, 0x00, 0x00, 0x00, 0x00, 0x00, 0x00, 0x00,
  0x00, 0x00, 0x00, 0x00, 0x00, 0x00, 0x00, 0x00, 0x00, 0x00, 0x00, 0x00,
  0x00, 0x00, 0x00, 0x00, 0x00, 0x00, 0x00, 0x00, 0x00, 0x00, 0x00, 0x00,
  0x00, 0x00, 0x00, 0x00, 0x00, 0x00, 0x00, 0x00, 0x00, 0x00, 0x00, 0x00,
  0x00, 0x00, 0x00, 0x00, 0x00, 0x00, 0x00, 0x00, 0x00, 0x00, 0x00, 0x00,
  0x00, 0x00, 0x00, 0x00, 0x00, 0x00, 0x00, 0x00, 0x00, 0x00, 0x00, 0x00,
  0x00, 0x00, 0x00, 0x00, 0x00, 0x00, 0x00, 0x00, 0x00, 0x00, 0x00, 0x00,
  0x00, 0x00, 0x00, 0x00, 0x00, 0x00, 0x00, 0x00, 0x00, 0x00, 0x00, 0x00,
  0x00, 0x00, 0x00, 0x00, 0x00, 0x00, 0x00, 0x00, 0x00, 0x00, 0x00, 0x00,
  0x00, 0x00, 0x00, 0x00, 0x00, 0x00, 0x00, 0x00, 0x00, 0x00, 0x00, 0x00,
  0x00, 0x00, 0x00, 0x00, 0x00, 0x00, 0x00, 0x00, 0x00, 0x00, 0x00, 0x00,
  0x00, 0x00, 0x00, 0x00, 0x00, 0x00, 0x00, 0x00, 0x00, 0x00, 0x00, 0x00,
  0x00, 0x00, 0x00, 0x00, 0x00, 0x00, 0x00, 0x00, 0x00, 0x00, 0x00, 0x00,
  0x00, 0x00, 0x00, 0x00, 0x00, 0x00, 0x00, 0x00, 0x00, 0x00, 0x00, 0x00,
  0x00, 0x00, 0x00, 0x00, 0x00, 0x00, 0x00, 0x00, 0x00, 0x00, 0x00, 0x00,
  0x00, 0x00, 0x00, 0x00, 0x00, 0x00, 0x00, 0x00, 0x00, 0x00, 0x00, 0x00,
  0x00, 0x00, 0x00, 0x00, 0x00, 0x00, 0x00, 0x00, 0x00, 0x00, 0x00, 0x00,
  0x00, 0x00, 0x00, 0x00, 0x00, 0x00, 0x00, 0x00, 0x00, 0x00, 0x00, 0x00,
  0x00, 0x00, 0x00, 0x00, 0x00, 0x00, 0x00, 0x00, 0x00, 0x00, 0x00, 0x00,
  0x00, 0x00, 0x00, 0x00, 0x00, 0x00, 0x00, 0x00, 0x00, 0x00, 0x00, 0x00,
  0x00, 0x00, 0x00, 0x00, 0x00, 0x00, 0x00, 0x00, 0x00, 0x00, 0x00, 0x00,
  0x00, 0x00, 0x00, 0x00, 0x00, 0x00, 0x00, 0x00, 0x00, 0x00, 0x00, 0x00,
  0x00, 0x00, 0x00, 0x00, 0x00, 0x00, 0x00, 0x00, 0x00, 0x00, 0x00, 0x00,
  0x00, 0x00, 0x00, 0x00, 0x00, 0x00, 0x00, 0x00, 0x00, 0x00, 0x00, 0x00,
  0x00, 0x00, 0x00, 0x00, 0x00, 0x00, 0x00, 0x00, 0x00, 0x00, 0x00, 0x00,
  0x00, 0x00, 0x00, 0x00, 0x00, 0x00, 0x00, 0x00, 0x00, 0x00, 0x00, 0x00,
  0x00, 0x00, 0x00, 0x00, 0x00, 0x00, 0x00, 0x00, 0x00, 0x00, 0x00, 0x00,
  0x00, 0x00, 0x00, 0x00, 0x00, 0x00, 0x00, 0x00, 0x00, 0x00, 0x00, 0x00,
  0x00, 0x00, 0x00, 0x00, 0x00, 0x00, 0x00, 0x00, 0x00, 0x00, 0x00, 0x00,
  0x00, 0x00, 0x00, 0x00, 0x00, 0x00, 0x00, 0x00, 0x00, 0x00, 0x00, 0x00,
  0x00, 0x00, 0x00, 0x00, 0x00, 0x00, 0x00, 0x00, 0x00, 0x00, 0x00, 0x00,
  0x00, 0x00, 0x00, 0x00, 0x00, 0x00, 0x00, 0x00, 0x00, 0x00, 0x00, 0x00,
  0x00, 0x00, 0x00, 0x00, 0x00, 0x00, 0x00, 0x00, 0x00, 0x00, 0x00, 0x00,
  0x00, 0x00, 0x00, 0x00, 0x00, 0x00, 0x00, 0x00, 0x00, 0x00, 0x00, 0x00,
  0x00, 0x00, 0x00, 0x00, 0x00, 0x00, 0x00, 0x00, 0x00, 0x00, 0x00, 0x00,
  0x00, 0x00, 0x00, 0x00, 0x00, 0x00, 0x00, 0x00, 0x00, 0x00, 0x00, 0x00,
  0x00, 0x00, 0x00, 0x00, 0x00, 0x00, 0x00, 0x00, 0x00, 0x00, 0x00, 0x00,
  0x00, 0x00, 0x00, 0x00, 0x00, 0x00, 0x00, 0x00, 0x00, 0x00, 0x00, 0x00,
  0x00, 0x00, 0x00, 0x00, 0x00, 0x00, 0x00, 0x00, 0x00, 0x00, 0x00, 0x00,
  0x00, 0x00, 0x00, 0x00, 0x00, 0x00, 0x00, 0x00, 0x00, 0x00, 0x00, 0x00,
  0x00, 0x00, 0x00, 0x00, 0x00, 0x00, 0x00, 0x00, 0x00, 0x00, 0x00, 0x00,
  0x00, 0x00, 0x00, 0x00, 0x00, 0x00, 0x00, 0x00, 0x00, 0x00, 0x00, 0x00,
  0x00, 0x00, 0x00, 0x00, 0x00, 0x00, 0x00, 0x00, 0x00, 0x00, 0x00, 0x00,
  0x00, 0x00, 0x00, 0x00, 0x00, 0x00, 0x00, 0x00, 0x00, 0x00, 0x00, 0x00,
  0x00, 0x00, 0x00, 0x00, 0x00, 0x00, 0x00, 0x00, 0x00, 0x00, 0x00, 0x00,
  0x00, 0x00, 0x00, 0x00, 0x00, 0x00, 0x00, 0x00, 0x00, 0x00, 0x00, 0x00,
  0x00, 0x00, 0x00, 0x00, 0x00, 0x00, 0x00, 0x00, 0x00, 0x00, 0x00, 0x00,
  0x00, 0x00, 0x00, 0x00, 0x00, 0x00, 0x00, 0x00, 0x00, 0x00, 0x00, 0x00,
  0x00, 0x00, 0x00, 0x00, 0x00, 0x00, 0x00, 0x00, 0x00, 0x00, 0x00, 0x00,
  0x00, 0x00, 0x00, 0x00, 0x00, 0x00, 0x00, 0x00, 0x00, 0x00, 0x00, 0x00,
  0x00, 0x00, 0x00, 0x00, 0x00, 0x00, 0x00, 0x00, 0x00, 0x00, 0x00, 0x00,
  0x00, 0x00, 0x00, 0x00, 0x00, 0x00, 0x00, 0x00, 0x00, 0x00, 0x00, 0x00,
  0x00, 0x00, 0x00, 0x00, 0x00, 0x00, 0x00, 0x00, 0x00, 0x00, 0x00, 0x00,
  0x00, 0x00, 0x00, 0x00, 0x00, 0x00, 0x00, 0x00, 0x00, 0x00, 0x00, 0x00,
  0x00, 0x00, 0x00, 0x00, 0x00, 0x00, 0x00, 0x00, 0x00, 0x00, 0x00, 0x00,
  0x00, 0x00, 0x00, 0x00, 0x00, 0x00, 0x00, 0x00, 0x00, 0x00, 0x00, 0x00,
  0x00, 0x00, 0x00, 0x00, 0x00, 0x00, 0x00, 0x00, 0x00, 0x00, 0x00, 0x00,
  0x00, 0x00, 0x00, 0x00, 0x00, 0x00, 0x00, 0x00, 0x00, 0x00, 0x00, 0x00,
  0x00, 0x00, 0x00, 0x00, 0x00, 0x00, 0x00, 0x00, 0x00, 0x00, 0x00, 0x00,
  0x00, 0x00, 0x00, 0x00, 0x00, 0x00, 0x00, 0x00, 0x00, 0x00, 0x00, 0x00,
  0x00, 0x00, 0x00, 0x00, 0x00, 0x00, 0x00, 0x00, 0x00, 0x00, 0x00, 0x00,
  0x00, 0x00, 0x00, 0x00, 0x00, 0x00, 0x00, 0x00, 0x00, 0x00, 0x00, 0x00,
  0x00, 0x00, 0x00, 0x00, 0x00, 0x00, 0x00, 0x00, 0x00, 0x00, 0x00, 0x00,
  0x00, 0x00, 0x00, 0x00, 0x00, 0x00, 0x00, 0x00, 0x00, 0x00, 0x00, 0x00,
  0x00, 0x00, 0x00, 0x00, 0x00, 0x00, 0x00, 0x00, 0x00, 0x00, 0x00, 0x00,
  0x00, 0x00, 0x00, 0x00, 0x00, 0x00, 0x00, 0x00, 0x00, 0x00, 0x00, 0x00,
  0x00, 0x00, 0x00, 0x00, 0x00, 0x00, 0x00, 0x00, 0x00, 0x00, 0x00, 0x00,
  0x00, 0x00, 0x00, 0x00, 0x00, 0x00, 0x00, 0x00, 0x00, 0x00, 0x00, 0x00,
  0x00, 0x00, 0x00, 0x00, 0x00, 0x00, 0x00, 0x00, 0x00, 0x00, 0x00, 0x00,
  0x00, 0x00, 0x00, 0x00, 0x00, 0x00, 0x00, 0x00, 0x00, 0x00, 0x00, 0x00,
  0x00, 0x00, 0x00, 0x00, 0x00, 0x00, 0x00, 0x00, 0x00, 0x00, 0x00, 0x00,
  0x00, 0x00, 0x00, 0x00, 0x00, 0x00, 0x00, 0x00, 0x00, 0x00, 0x00, 0x00,
  0x00, 0x00, 0x00, 0x00, 0x00, 0x00, 0x00, 0x00, 0x00, 0x00, 0x00, 0x00,
  0x00, 0x00, 0x00, 0x00, 0x00, 0x00, 0x00, 0x00, 0x00, 0x00, 0x00, 0x00,
  0x00, 0x00, 0x00, 0x00, 0x00, 0x00, 0x00, 0x00, 0x00, 0x00, 0x00, 0x00,
  0x00, 0x00, 0x00, 0x00, 0x00, 0x00, 0x00, 0x00, 0x00, 0x00, 0x00, 0x00,
  0x00, 0x00, 0x00, 0x00, 0x00, 0x00, 0x00, 0x00, 0x00, 0x00, 0x00, 0x00,
  0x00, 0x00, 0x00, 0x00, 0x00, 0x00, 0x00, 0x00, 0x00, 0x00, 0x00, 0x00,
  0x00, 0x00, 0x00, 0x00, 0x00, 0x00, 0x00, 0x00, 0x00, 0x00, 0x00, 0x00,
  0x00, 0x00, 0x00, 0x00, 0x00, 0x00, 0x00, 0x00, 0x00, 0x00, 0x00, 0x00,
  0x00, 0x00, 0x00, 0x00, 0x00, 0x00, 0x00, 0x00, 0x00, 0x00, 0x00, 0x00,
  0x00, 0x00, 0x00, 0x00, 0x00, 0x00, 0x00, 0x00, 0x00, 0x00, 0x00, 0x00,
  0x00, 0x00, 0x00, 0x00, 0x00, 0x00, 0x00, 0x00, 0x00, 0x00, 0x00, 0x00,
  0x00, 0x00, 0x00, 0x00, 0x00, 0x00, 0x00, 0x00, 0x00, 0x00, 0x00, 0x00,
  0x00, 0x00, 0x00, 0x00, 0x00, 0x00, 0x00, 0x00, 0x00, 0x00, 0x00, 0x00,
  0x00, 0x00, 0x00, 0x00, 0x00, 0x00, 0x00, 0x00, 0x00, 0x00, 0x00, 0x00,
  0x00, 0x00, 0x00, 0x00, 0x00, 0x00, 0x00, 0x00, 0x00, 0x00, 0x00, 0x00,
  0x00, 0x00, 0x00, 0x00, 0x00, 0x00, 0x00, 0x00, 0x00, 0x00, 0x00, 0x00,
  0x00, 0x00, 0x00, 0x00, 0x00, 0x00, 0x00, 0x00, 0x00, 0x00, 0x00, 0x00,
  0x00, 0x00, 0x00, 0x00, 0x00, 0x00, 0x00, 0x00, 0x00, 0x00, 0x00, 0x00,
  0x00, 0x00, 0x00, 0x00, 0x00, 0x00, 0x00, 0x00, 0x00, 0x00, 0x00, 0x00,
  0x00, 0x00, 0x00, 0x00, 0x00, 0x00, 0x00, 0x00, 0x00, 0x00, 0x00, 0x00,
  0x00, 0x00, 0x00, 0x00, 0x00, 0x00, 0x00, 0x00, 0x00, 0x00, 0x00, 0x00,
  0x00, 0x00, 0x00, 0x00, 0x00, 0x00, 0x00, 0x00, 0x00, 0x00, 0x00, 0x00,
  0x00, 0x00, 0x00, 0x00, 0x00, 0x00, 0x00, 0x00, 0x00, 0x00, 0x00, 0x00,
  0x00, 0x00, 0x00, 0x00, 0x00, 0x00, 0x00, 0x00, 0x00, 0x00, 0x00, 0x00,
  0x00, 0x00, 0x00, 0x00, 0x00, 0x00, 0x00, 0x00, 0x00, 0x00, 0x00, 0x00,
  0x00, 0x00, 0x00, 0x00, 0x00, 0x00, 0x00, 0x00, 0x00, 0x00, 0x00, 0x00,
  0x00, 0x00, 0x00, 0x00, 0x00, 0x00, 0x00, 0x00, 0x00, 0x00, 0x00, 0x00,
  0x00, 0x00, 0x00, 0x00, 0x00, 0x00, 0x00, 0x00, 0x00, 0x00, 0x00, 0x00,
  0x00, 0x00, 0x00, 0x00, 0x00, 0x00, 0x00, 0x00, 0x00, 0x00, 0x00, 0x00,
  0x00, 0x00, 0x00, 0x00, 0x00, 0x00, 0x00, 0x00, 0x00, 0x00, 0x00, 0x00,
  0x00, 0x00, 0x00, 0x00, 0x00, 0x00, 0x00, 0x00, 0x00, 0x00, 0x00, 0x00,
  0x00, 0x00, 0x00, 0x00, 0x00, 0x00, 0x00, 0x00, 0x00, 0x00, 0x00, 0x00,
  0x00, 0x00, 0x00, 0x00, 0x00, 0x00, 0x00, 0x00, 0x00, 0x00, 0x00, 0x00,
  0x00, 0x00, 0x00, 0x00, 0x00, 0x00, 0x00, 0x00, 0x00, 0x00, 0x00, 0x00,
  0x00, 0x00, 0x00, 0x00, 0x00, 0x00, 0x00, 0x00, 0x00, 0x00, 0x00, 0x00,
  0x00, 0x00, 0x00, 0x00, 0x00, 0x00, 0x00, 0x00, 0x00, 0x00, 0x00, 0x00,
  0x00, 0x00, 0x00, 0x00, 0x00, 0x00, 0x00, 0x00, 0x00, 0x00, 0x00, 0x00,
  0x00, 0x00, 0x00, 0x00, 0x00, 0x00, 0x00, 0x00, 0x00, 0x00, 0x00, 0x00,
  0x00, 0x00, 0x00, 0x00, 0x00, 0x00, 0x00, 0x00, 0x00, 0x00, 0x00, 0x00,
  0x00, 0x00, 0x00, 0x00, 0x00, 0x00, 0x00, 0x00, 0x00, 0x00, 0x00, 0x00,
  0x00, 0x00, 0x00, 0x00, 0x00, 0x00, 0x00, 0x00, 0x00, 0x00, 0x00, 0x00,
  0x00, 0x00, 0x00, 0x00, 0x00, 0x00, 0x00, 0x00, 0x00, 0x00, 0x00, 0x00,
  0x00, 0x00, 0x00, 0x00, 0x00, 0x00, 0x00, 0x00, 0x00, 0x00, 0x00, 0x00,
  0x00, 0x00, 0x00, 0x00, 0x00, 0x00, 0x00, 0x00, 0x00, 0x00, 0x00, 0x00,
  0x00, 0x00, 0x00, 0x00, 0x00, 0x00, 0x00, 0x00, 0x00, 0x00, 0x00, 0x00,
  0x00, 0x00, 0x00, 0x00, 0x00, 0x00, 0x00, 0x00, 0x00, 0x00, 0x00, 0x00,
  0x00, 0x00, 0x00, 0x00, 0x00, 0x00, 0x00, 0x00, 0x00, 0x00, 0x00, 0x00,
  0x00, 0x00, 0x00, 0x00, 0x00, 0x00, 0x00, 0x00, 0x00, 0x00, 0x00, 0x00,
  0x00, 0x00, 0x00, 0x00, 0x00, 0x00, 0x00, 0x00, 0x00, 0x00, 0x00, 0x00,
  0x00, 0x00, 0x00, 0x00, 0x00, 0x00, 0x00, 0x00, 0x00, 0x00, 0x00, 0x00,
  0x00, 0x00, 0x00, 0x00, 0x00, 0x00, 0x00, 0x00, 0x00, 0x00, 0x00, 0x00,
  0x00, 0x00, 0x00, 0x00, 0x00, 0x00, 0x00, 0x00, 0x00, 0x00, 0x00, 0x00,
  0x00, 0x00, 0x00, 0x00, 0x00, 0x00, 0x00, 0x00, 0x00, 0x00, 0x00, 0x00,
  0x00, 0x00, 0x00, 0x00, 0x00, 0x00, 0x00, 0x00, 0x00, 0x00, 0x00, 0x00,
  0x00, 0x00, 0x00, 0x00, 0x00, 0x00, 0x00, 0x00, 0x00, 0x00, 0x00, 0x00,
  0x00, 0x00, 0x00, 0x00, 0x00, 0x00, 0x00, 0x00, 0x00, 0x00, 0x00, 0x00,
  0x00, 0x00, 0x00, 0x00, 0x00, 0x00, 0x00, 0x00, 0x00, 0x00, 0x00, 0x00,
  0x00, 0x00, 0x00, 0x00, 0x00, 0x00, 0x00, 0x00, 0x00, 0x00, 0x00, 0x00,
  0x00, 0x00, 0x00, 0x00, 0x00, 0x00, 0x00, 0x00, 0x00, 0x00, 0x00, 0x00,
  0x00, 0x00, 0x00, 0x00, 0x00, 0x00, 0x00, 0x00, 0x00, 0x00, 0x00, 0x00,
  0x00, 0x00, 0x00, 0x00, 0x00, 0x00, 0x00, 0x00, 0x00, 0x00, 0x00, 0x00,
  0x00, 0x00, 0x00, 0x00, 0x00, 0x00, 0x00, 0x00, 0x00, 0x00, 0x00, 0x00,
  0x00, 0x00, 0x00, 0x00, 0x00, 0x00, 0x00, 0x00, 0x00, 0x00, 0x00, 0x00,
  0x00, 0x00, 0x00, 0x00, 0x00, 0x00, 0x00, 0x00, 0x00, 0x00, 0x00, 0x00,
  0x00, 0x00, 0x00, 0x00, 0x00, 0x00, 0x00, 0x00, 0x00, 0x00, 0x00, 0x00,
  0x00, 0x00, 0x00, 0x00, 0x00, 0x00, 0x00, 0x00, 0x00, 0x00, 0x00, 0x00,
  0x00, 0x00, 0x00, 0x00, 0x00, 0x00, 0x00, 0x00, 0x00, 0x00, 0x00, 0x00,
  0x00, 0x00, 0x00, 0x00, 0x00, 0x00, 0x00, 0x00, 0x00, 0x00, 0x00, 0x00,
  0x00, 0x00, 0x00, 0x00, 0x00, 0x00, 0x00, 0x00, 0x00, 0x00, 0x00, 0x00,
  0x00, 0x00, 0x00, 0x00, 0x00, 0x00, 0x00, 0x00, 0x00, 0x00, 0x00, 0x00,
  0x00, 0x00, 0x00, 0x00, 0x00, 0x00, 0x00, 0x00, 0x00, 0x00, 0x00, 0x00,
  0x00, 0x00, 0x00, 0x00, 0x00, 0x00, 0x00, 0x00, 0x00, 0x00, 0x00, 0x00,
  0x00, 0x00, 0x00, 0x00, 0x00, 0x00, 0x00, 0x00, 0x00, 0x00, 0x00, 0x00,
  0x00, 0x00, 0x00, 0x00, 0x00, 0x00, 0x00, 0x00, 0x00, 0x00, 0x00, 0x00,
  0x00, 0x00, 0x00, 0x00, 0x00, 0x00, 0x00, 0x00, 0x00, 0x00, 0x00, 0x00,
  0x00, 0x00, 0x00, 0x00, 0x00, 0x00, 0x00, 0x00, 0x00, 0x00, 0x00, 0x00,
  0x00, 0x00, 0x00, 0x00, 0x00, 0x00, 0x00, 0x00, 0x00, 0x00, 0x00, 0x00,
  0x00, 0x00, 0x00, 0x00, 0x00, 0x00, 0x00, 0x00, 0x00, 0x00, 0x00, 0x00,
  0x00, 0x00, 0x00, 0x00, 0x55, 0xb8, 0xa0, 0x28, 0x40, 0x00, 0x57, 0xbd,
  0x14, 0x00, 0x00, 0x00, 0x56, 0x31, 0xf6, 0x53, 0x89, 0xf7, 0x83, 0xec,
  0x0c, 0x89, 0xf3, 0xe8, 0xc4, 0x16, 0x00, 0x00, 0xb8, 0xd8, 0x28, 0x40,
  0x00, 0xe8, 0xba, 0x16, 0x00, 0x00, 0xb8, 0x4c, 0x29, 0x40, 0x00, 0xe8,
  0xb0, 0x16, 0x00, 0x00, 0xb8, 0x18, 0x2a, 0x40, 0x00, 0xe8, 0xa6, 0x16,
  0x00, 0x00, 0xb8, 0x6c, 0x2a, 0x40, 0x00, 0xe8, 0xdc, 0x16, 0x00, 0x00,
  0x89, 0xe8, 0x89, 0xf1, 0x89, 0xf2, 0xcd, 0x80, 0xc7, 0x04, 0x24, 0xea,
  0xff, 0xff, 0xff, 0x89, 0xc1, 0xba, 0x70, 0x20, 0x40, 0x00, 0xb8, 0x86,
  0x20, 0x40, 0x00, 0xbb, 0x03, 0x00, 0x00, 0x00, 0xe8, 0x57, 0x15, 0x00,
  0x00, 0x89, 0xe8, 0x89, 0xf1, 0x89, 0xf2, 0xcd, 0x80, 0xc7, 0x04, 0x24,
  0xea, 0xff, 0xff, 0xff, 0x89, 0xc1, 0xba, 0x8a, 0x20, 0x40, 0x00, 0xb8,
  0xa0, 0x20, 0x40, 0x00, 0xbb, 0x01, 0x00, 0x00, 0x00, 0xe8, 0x32, 0x15,
  0x00, 0x00, 0x89, 0xe8, 0x89, 0xf1, 0x89, 0xf2, 0xcd, 0x80, 0x31, 0xc9,
  0x85, 0xc0, 0xc7, 0x04, 0x24, 0x01, 0x00, 0x00, 0x00, 0x89, 0xc3, 0x0f,
  0x9f, 0xc1, 0xba, 0xa4, 0x20, 0x40, 0x00, 0xb8, 0xbf, 0x20, 0x40, 0x00,
  0xe8, 0x0b, 0x15, 0x00, 0x00, 0x85, 0xdb, 0x7e, 0x21, 0xb8, 0x1c, 0x00,
  0x00, 0x00, 0x89, 0xf1, 0x89, 0xf2, 0xcd, 0x80, 0x89, 0xc1, 0x31, 0xc0,
  0x89, 0x04, 0x24, 0xba, 0xc3, 0x20, 0x40, 0x00, 0xb8, 0xd4, 0x20, 0x40,
  0x00, 0xe8, 0xe6, 0x14, 0x00, 0x00, 0x31, 0xf6, 0xb8, 0x14, 0x00, 0x00,
  0x00, 0xbb, 0x02, 0x00, 0x00, 0x00, 0x89, 0xf1, 0x89, 0xf2, 0x89, 0xf7,
  0xcd, 0x80, 0x31, 0xc9, 0x85, 0xc0, 0xc7, 0x04, 0x24, 0x01, 0x00, 0x00,
  0x00, 0x89, 0xc3, 0x0f, 0x9f, 0xc1, 0xba, 0xd8, 0x20, 0x40, 0x00, 0xb8,
  0xf2, 0x20, 0x40, 0x00, 0xe8, 0xb3, 0x14, 0x00, 0x00, 0x85, 0xdb, 0x7e,
  0x21, 0xb8, 0x1c, 0x00, 0x00, 0x00, 0x89, 0xf1, 0x89, 0xf2, 0xcd, 0x80,
  0x89, 0xc1, 0x31, 0xc0, 0x89, 0x04, 0x24, 0xba, 0xf6, 0x20, 0x40, 0x00,
  0xb8, 0x06, 0x21, 0x40, 0x00, 0xe8, 0x8e, 0x14, 0x00, 0x00, 0x31, 0xf6,
  0xb8, 0x14, 0x00, 0x00, 0x00, 0xbb, 0x02, 0x00, 0x00, 0x00, 0x89, 0xf1,
  0x89, 0xf2, 0x89, 0xf7, 0xcd, 0x80, 0x31, 0xc9, 0x85, 0xc0, 0x0f, 0x9f,
  0xc1, 0xba, 0x0a, 0x21, 0x40, 0x00, 0xa3, 0x00, 0x47, 0x40, 0x00, 0x89,
  0xc3, 0xb8, 0x1e, 0x21, 0x40, 0x00, 0xc7, 0x04, 0x24, 0x01, 0x00, 0x00,
  0x00, 0xbd, 0x15, 0x00, 0x00, 0x00, 0xe8, 0x51, 0x14, 0x00, 0x00, 0xb8,
  0x98, 0x2a, 0x40, 0x00, 0xe8, 0xa7, 0x15, 0x00, 0x00, 0x89, 0xe8, 0x89,
  0xf1, 0x89, 0xf2, 0xcd, 0x80, 0xc7, 0x04, 0x24, 0xea, 0xff, 0xff, 0xff,
  0x89, 0xc1, 0xba, 0xd0, 0x2a, 0x40, 0x00, 0xb8, 0x22, 0x21, 0x40, 0x00,
  0xe8, 0x27, 0x14, 0x00, 0x00, 0x8b, 0x1d, 0x00, 0x47, 0x40, 0x00, 0x89,
  0xe8, 0xb9, 0xb9, 0x24, 0x00, 0x00, 0x89, 0xf2, 0xcd, 0x80, 0xc7, 0x04,
  0x24, 0x00, 0x00, 0x00, 0x00, 0x89, 0xc1, 0xba, 0x26, 0x21, 0x40, 0x00,
  0xb8, 0x37, 0x21, 0x40, 0x00, 0xe8, 0xfe, 0x13, 0x00, 0x00, 0x8b, 0x1d,
  0x00, 0x47, 0x40, 0x00, 0xb9, 0xba, 0x24, 0x00, 0x00, 0x89, 0xe8, 0x89,
  0xf2, 0xcd, 0x80, 0xc7, 0x04, 0x24, 0xea, 0xff, 0xff, 0xff, 0x89, 0xc1,
  0xba, 0xfc, 0x2a, 0x40, 0x00, 0xb8, 0x3b, 0x21, 0x40, 0x00, 0xbb, 0x02,
  0x00, 0x00, 0x00, 0xe8, 0xd0, 0x13, 0x00, 0x00, 0xb8, 0x14, 0x00, 0x00,
  0x00, 0x89, 0xf1, 0x89, 0xf2, 0xcd, 0x80, 0x31, 0xc9, 0x85, 0xc0, 0xc7,
  0x04, 0x24, 0x01, 0x00, 0x00, 0x00, 0x0f, 0x9f, 0xc1, 0x89, 0xc3, 0xba,
  0x3f, 0x21, 0x40, 0x00, 0xb8, 0x4d, 0x21, 0x40, 0x00, 0xe8, 0xa6, 0x13,
  0x00, 0x00, 0x89, 0xe8, 0xb9, 0xb9, 0x24, 0x00, 0x00, 0x89, 0xf2, 0xcd,
  0x80, 0xc7, 0x04, 0x24, 0x9e, 0xff, 0xff, 0xff, 0x89, 0xc1, 0xba, 0x51,
  0x21, 0x40, 0x00, 0xb8, 0x6e, 0x21, 0x40, 0x00, 0xe8, 0x83, 0x13, 0x00,
  0x00, 0x85, 0xdb, 0x7e, 0x1c, 0xb8, 0x1c, 0x00, 0x00, 0x00, 0x89, 0xf1,
  0x89, 0xf2, 0xcd, 0x80, 0xba, 0x72, 0x21, 0x40, 0x00, 0x89, 0xc1, 0xb8,
  0x8c, 0x21, 0x40, 0x00, 0xe8, 0x03, 0x15, 0x00, 0x00, 0x31, 0xf6, 0xb9,
  0xbb, 0x24, 0x00, 0x00, 0xb8, 0x15, 0x00, 0x00, 0x00, 0xbb, 0x01, 0x00,
  0x00, 0x00, 0x89, 0xf2, 0x89, 0xf7, 0xcd, 0x80, 0xba, 0x91, 0x21, 0x40,
  0x00, 0x89, 0xc1, 0xc7, 0x04, 0x24, 0xa8, 0xff, 0xff, 0xff, 0xb8, 0xa9,
  0x21, 0x40, 0x00, 0xbd, 0x50, 0x00, 0x00, 0x00, 0xe8, 0x2f, 0x13, 0x00,
  0x00, 0xbb, 0xff, 0xff, 0xff, 0xff, 0xb8, 0x15, 0x00, 0x00, 0x00, 0x89,
  0xe9, 0x89, 0xf2, 0xcd, 0x80, 0xc7, 0x04, 0x24, 0xf7, 0xff, 0xff, 0xff,
  0x89, 0xc1, 0xba, 0xad, 0x21, 0x40, 0x00, 0xb8, 0xbe, 0x21, 0x40, 0x00,
  0xbb, 0x88, 0x13, 0x00, 0x00, 0xe8, 0x02, 0x13, 0x00, 0x00, 0xb8, 0x15,
  0x00, 0x00, 0x00, 0x89, 0xe9, 0x89, 0xf2, 0xcd, 0x80, 0xc7, 0x04, 0x24,
  0xf7, 0xff, 0xff, 0xff, 0x89, 0xc1, 0xba, 0xc2, 0x21, 0x40, 0x00, 0xb8,
  0xd4, 0x21, 0x40, 0x00, 0xbb, 0x01, 0x00, 0x00, 0x00, 0xe8, 0xda, 0x12,
  0x00, 0x00, 0xb8, 0x14, 0x00, 0x00, 0x00, 0x89, 0xf1, 0x89, 0xf2, 0xcd,
  0x80, 0x31, 0xc9, 0x85, 0xc0, 0xc7, 0x04, 0x24, 0x01, 0x00, 0x00, 0x00,
  0x89, 0xc5, 0x0f, 0x9f, 0xc1, 0xba, 0xd8, 0x21, 0x40, 0x00, 0xb8, 0xe7,
  0x21, 0x40, 0x00, 0xe8, 0xb0, 0x12, 0x00, 0x00, 0x89, 0xeb, 0xb8, 0x15,
  0x00, 0x00, 0x00, 0xb9, 0xea, 0x24, 0x00, 0x00, 0x89, 0xf2, 0xcd, 0x80,
  0xc7, 0x04, 0x24, 0x00, 0x00, 0x00, 0x00, 0x89, 0xc1, 0xba, 0xeb, 0x21,
  0x40, 0x00, 0xb8, 0x05, 0x22, 0x40, 0x00, 0xbb, 0x01, 0x00, 0x00, 0x00,
  0xe8, 0x83, 0x12, 0x00, 0x00, 0xb8, 0x14, 0x00, 0x00, 0x00, 0x89, 0xf1,
  0x89, 0xf2, 0xcd, 0x80, 0x31, 0xc9, 0x85, 0xc0, 0xc7, 0x04, 0x24, 0x01,
  0x00, 0x00, 0x00, 0x0f, 0x9f, 0xc1, 0x89, 0xc3, 0xba, 0x09, 0x22, 0x40,
  0x00, 0xb8, 0x18, 0x22, 0x40, 0x00, 0xe8, 0x59, 0x12, 0x00, 0x00, 0xb8,
  0x15, 0x00, 0x00, 0x00, 0xb9, 0xea, 0x24, 0x00, 0x00, 0x89, 0xf2, 0xcd,
  0x80, 0x89, 0xc6, 0x31, 0xc0, 0xa3, 0x14, 0x47, 0x40, 0x00, 0xb8, 0x00,
  0x20, 0x40, 0x00, 0xe8, 0xb8, 0x10, 0x00, 0x00, 0xb8, 0x1c, 0x22, 0x40,
  0x00, 0xe8, 0xae, 0x10, 0x00, 0x00, 0xb8, 0x2c, 0x2b, 0x40, 0x00, 0xe8,
  0xa4, 0x10, 0x00, 0x00, 0x89, 0xf0, 0xe8, 0xdd, 0x10, 0x00, 0x00, 0x83,
  0xfe, 0x9e, 0x0f, 0x84, 0x75, 0x10, 0x00, 0x00, 0x85, 0xf6, 0x0f, 0x84,
  0x4f, 0x10, 0x00, 0x00, 0xff, 0x05, 0x0c, 0x47, 0x40, 0x00, 0xb8, 0x1e,
  0x20, 0x40, 0x00, 0xe8, 0x7c, 0x10, 0x00, 0x00, 0xa1, 0x14, 0x47, 0x40,
  0x00, 0x3d, 0xde, 0x00, 0x00, 0x00, 0x77, 0x10, 0xc6, 0x80, 0x20, 0x47,
  0x40, 0x00, 0x0a, 0x8d, 0x50, 0x01, 0x89, 0x15, 0x14, 0x47, 0x40, 0x00,
  0xe8, 0x6b, 0x11, 0x00, 0x00, 0x85, 0xdb, 0x7e, 0x20, 0x31, 0xd2, 0xb8,
  0x1c, 0x00, 0x00, 0x00, 0x89, 0xd1, 0x89, 0xd6, 0x89, 0xd7, 0xcd, 0x80,
  0xba, 0xb8, 0x2b, 0x40, 0x00, 0x89, 0xc1, 0xb8, 0x20, 0x22, 0x40, 0x00,
  0xe8, 0x57, 0x13, 0x00, 0x00, 0x85, 0xed, 0x7e, 0x22, 0x31, 0xd2, 0xb8,
  0x1c, 0x00, 0x00, 0x00, 0x89, 0xeb, 0x89, 0xd1, 0x89, 0xd6, 0x89, 0xd7,
  0xcd, 0x80, 0xba, 0x25, 0x22, 0x40, 0x00, 0x89, 0xc1, 0xb8, 0x3e, 0x22,
  0x40, 0x00, 0xe8, 0x31, 0x13, 0x00, 0x00, 0x31, 0xf6, 0xb8, 0x14, 0x00,
  0x00, 0x00, 0xbb, 0x01, 0x00, 0x00, 0x00, 0x89, 0xf1, 0x89, 0xf2, 0x89,
  0xf7, 0xcd, 0x80, 0x31, 0xc9, 0x85, 0xc0, 0xc7, 0x04, 0x24, 0x01, 0x00,
  0x00, 0x00, 0x0f, 0x9f, 0xc1, 0x89, 0xc3, 0xba, 0x43, 0x22, 0x40, 0x00,
  0xb8, 0x52, 0x22, 0x40, 0x00, 0xe8, 0x5e, 0x11, 0x00, 0x00, 0xb8, 0x15,
  0x00, 0x00, 0x00, 0xb9, 0xf4, 0x24, 0x00, 0x00, 0x89, 0xf2, 0xcd, 0x80,
  0xc7, 0x04, 0x24, 0x00, 0x00, 0x00, 0x00, 0x89, 0xc1, 0xba, 0x56, 0x22,
  0x40, 0x00, 0xb8, 0x67, 0x22, 0x40, 0x00, 0xe8, 0x38, 0x11, 0x00, 0x00,
  0xb8, 0x16, 0x00, 0x00, 0x00, 0xb9, 0x08, 0x00, 0x00, 0x00, 0x89, 0xf2,
  0xcd, 0x80, 0xc7, 0x04, 0x24, 0x00, 0x00, 0x00, 0x00, 0x89, 0xc1, 0xba,
  0x6b, 0x22, 0x40, 0x00, 0xb8, 0x89, 0x22, 0x40, 0x00, 0xe8, 0x12, 0x11,
  0x00, 0x00, 0xb8, 0x17, 0x00, 0x00, 0x00, 0x89, 0xf1, 0x89, 0xf2, 0xcd,
  0x80, 0xc7, 0x04, 0x24, 0xf5, 0xff, 0xff, 0xff, 0x89, 0xc1, 0xba, 0xe0,
  0x2b, 0x40, 0x00, 0xb8, 0x8d, 0x22, 0x40, 0x00, 0xe8, 0xef, 0x10, 0x00,
  0x00, 0x85, 0xdb, 0x7e, 0x1c, 0xb8, 0x1c, 0x00, 0x00, 0x00, 0x89, 0xf1,
  0x89, 0xf2, 0xcd, 0x80, 0xba, 0x91, 0x22, 0x40, 0x00, 0x89, 0xc1, 0xb8,
  0xaa, 0x22, 0x40, 0x00, 0xe8, 0x6f, 0x12, 0x00, 0x00, 0x31, 0xf6, 0xb8,
  0x0c, 0x2c, 0x40, 0x00, 0xe8, 0x23, 0x12, 0x00, 0x00, 0xbd, 0x14, 0x00,
  0x00, 0x00, 0xbb, 0x01, 0x00, 0x00, 0x00, 0x89, 0xe8, 0x89, 0xf1, 0x89,
  0xf2, 0x89, 0xf7, 0xcd, 0x80, 0x89, 0x44, 0x24, 0x04, 0x31, 0xc9, 0x85,
  0xc0, 0xc7, 0x04, 0x24, 0x01, 0x00, 0x00, 0x00, 0x89, 0xc7, 0x0f, 0x9f,
  0xc1, 0xba, 0xaf, 0x22, 0x40, 0x00, 0xb8, 0xc4, 0x22, 0x40, 0x00, 0xe8,
  0x8c, 0x10, 0x00, 0x00, 0x89, 0xfb, 0xb8, 0x16, 0x00, 0x00, 0x00, 0xb9,
  0x04, 0x00, 0x00, 0x00, 0x89, 0xf2, 0x89, 0xf7, 0xcd, 0x80, 0xc7, 0x04,
  0x24, 0xea, 0xff, 0xff, 0xff, 0x89, 0xc1, 0xba, 0x40, 0x2c, 0x40, 0x00,
  0xb8, 0xc8, 0x22, 0x40, 0x00, 0xe8, 0x62, 0x10, 0x00, 0x00, 0x8b, 0x1d,
  0x00, 0x47, 0x40, 0x00, 0xb8, 0x16, 0x00, 0x00, 0x00, 0xb9, 0x04, 0x00,
  0x00, 0x00, 0x89, 0xf2, 0xcd, 0x80, 0xc7, 0x04, 0x24, 0xea, 0xff, 0xff,
  0xff, 0x89, 0xc1, 0xba, 0xcc, 0x22, 0x40, 0x00, 0xb8, 0xe8, 0x22, 0x40,
  0x00, 0xbb, 0x01, 0x00, 0x00, 0x00, 0xe8, 0x31, 0x10, 0x00, 0x00, 0x89,
  0xe8, 0x89, 0xf1, 0x89, 0xf2, 0xcd, 0x80, 0x31, 0xc9, 0x85, 0xc0, 0xc7,
  0x04, 0x24, 0x01, 0x00, 0x00, 0x00, 0x89, 0xc5, 0x0f, 0x9f, 0xc1, 0xba,
  0xec, 0x22, 0x40, 0x00, 0xb8, 0xfc, 0x22, 0x40, 0x00, 0xe8, 0x0a, 0x10,
  0x00, 0x00, 0x89, 0xeb, 0xb8, 0x15, 0x00, 0x00, 0x00, 0xb9, 0xf5, 0x24,
  0x00, 0x00, 0x89, 0xf2, 0xcd, 0x80, 0xc7, 0x04, 0x24, 0x00, 0x00, 0x00,
  0x00, 0x89, 0xc1, 0xba, 0x00, 0x23, 0x40, 0x00, 0xb8, 0x13, 0x23, 0x40,
  0x00, 0xe8, 0xe2, 0x0f, 0x00, 0x00, 0xb8, 0x16, 0x00, 0x00, 0x00, 0x89,
  0xf1, 0x89, 0xf2, 0xcd, 0x80, 0xc7, 0x04, 0x24, 0x00, 0x00, 0x00, 0x00,
  0x89, 0xc1, 0xba, 0x68, 0x2c, 0x40, 0x00, 0xb8, 0x17, 0x23, 0x40, 0x00,
  0xe8, 0xbf, 0x0f, 0x00, 0x00, 0xb9, 0xe7, 0x03, 0x00, 0x00, 0xb8, 0x16,
  0x00, 0x00, 0x00, 0x89, 0xf2, 0xcd, 0x80, 0xc7, 0x04, 0x24, 0x00, 0x00,
  0x00, 0x00, 0x89, 0xc1, 0xba, 0x94, 0x2c, 0x40, 0x00, 0xb8, 0x1b, 0x23,
  0x40, 0x00, 0xbb, 0x01, 0x00, 0x00, 0x00, 0xe8, 0x94, 0x0f, 0x00, 0x00,
  0xb8, 0x16, 0x00, 0x00, 0x00, 0xb9, 0x04, 0x00, 0x00, 0x00, 0x89, 0xf2,
  0xcd, 0x80, 0xc7, 0x04, 0x24, 0xa8, 0xff, 0xff, 0xff, 0x89, 0xc1, 0xba,
  0x1f, 0x23, 0x40, 0x00, 0xb8, 0x39, 0x23, 0x40, 0x00, 0xbb, 0xf9, 0xff,
  0xff, 0xff, 0xe8, 0x69, 0x0f, 0x00, 0x00, 0xb8, 0x16, 0x00, 0x00, 0x00,
  0xb9, 0x01, 0x00, 0x00, 0x00, 0x89, 0xf2, 0xcd, 0x80, 0xc7, 0x04, 0x24,
  0xf7, 0xff, 0xff, 0xff, 0x89, 0xc1, 0xba, 0x3d, 0x23, 0x40, 0x00, 0xb8,
  0x50, 0x23, 0x40, 0x00, 0xe8, 0x43, 0x0f, 0x00, 0x00, 0x85, 0xed, 0x7e,
  0x1e, 0xb8, 0x1c, 0x00, 0x00, 0x00, 0x89, 0xeb, 0x89, 0xf1, 0x89, 0xf2,
  0xcd, 0x80, 0xba, 0x54, 0x23, 0x40, 0x00, 0x89, 0xc1, 0xb8, 0x67, 0x23,
  0x40, 0x00, 0xe8, 0xc1, 0x10, 0x00, 0x00, 0x8b, 0x5c, 0x24, 0x04, 0x85,
  0xdb, 0x7e, 0x20, 0x31, 0xd2, 0xb8, 0x1c, 0x00, 0x00, 0x00, 0x89, 0xd1,
  0x89, 0xd6, 0x89, 0xd7, 0xcd, 0x80, 0xba, 0x6c, 0x23, 0x40, 0x00, 0x89,
  0xc1, 0xb8, 0x7f, 0x23, 0x40, 0x00, 0xe8, 0x99, 0x10, 0x00, 0x00, 0x31,
  0xf6, 0xbd, 0x01, 0x00, 0x00, 0x00, 0xb8, 0x14, 0x00, 0x00, 0x00, 0x89,
  0xeb, 0x89, 0xf1, 0x89, 0xf2, 0x89, 0xf7, 0xcd, 0x80, 0x89, 0x44, 0x24,
  0x08, 0x31, 0xc9, 0x85, 0xc0, 0xc7, 0x04, 0x24, 0x01, 0x00, 0x00, 0x00,
  0x0f, 0x9f, 0xc1, 0x89, 0xc3, 0xba, 0x84, 0x23, 0x40, 0x00, 0xb8, 0xa1,
  0x23, 0x40, 0x00, 0xe8, 0xc0, 0x0e, 0x00, 0x00, 0xb8, 0x15, 0x00, 0x00,
  0x00, 0xb9, 0xf4, 0x24, 0x00, 0x00, 0x89, 0xf2, 0xcd, 0x80, 0xc7, 0x04,
  0x24, 0x00, 0x00, 0x00, 0x00, 0x89, 0xc1, 0xba, 0xa5, 0x23, 0x40, 0x00,
  0xb8, 0xbe, 0x23, 0x40, 0x00, 0xe8, 0x9a, 0x0e, 0x00, 0x00, 0xb8, 0x16,
  0x00, 0x00, 0x00, 0xb9, 0x04, 0x00, 0x00, 0x00, 0x89, 0xf2, 0xcd, 0x80,
  0xc7, 0x04, 0x24, 0x00, 0x00, 0x00, 0x00, 0x89, 0xc1, 0xba, 0xc2, 0x23,
  0x40, 0x00, 0xb8, 0xd8, 0x23, 0x40, 0x00, 0xe8, 0x74, 0x0e, 0x00, 0x00,
  0xb8, 0xd0, 0x2c, 0x40, 0x00, 0xe8, 0xca, 0x0f, 0x00, 0x00, 0x8b, 0x1d,
  0x00, 0x47, 0x40, 0x00, 0xb8, 0x17, 0x00, 0x00, 0x00, 0x89, 0xf1, 0x89,
  0xf2, 0xcd, 0x80, 0xc7, 0x04, 0x24, 0xea, 0xff, 0xff, 0xff, 0x89, 0xc1,
  0xba, 0xdc, 0x23, 0x40, 0x00, 0xb8, 0xf1, 0x23, 0x40, 0x00, 0x89, 0xeb,
  0xe8, 0x3f, 0x0e, 0x00, 0x00, 0xb8, 0x14, 0x00, 0x00, 0x00, 0x89, 0xf1,
  0x89, 0xf2, 0xcd, 0x80, 0x89, 0xc3, 0xb8, 0x17, 0x00, 0x00, 0x00, 0xcd,
  0x80, 0xc7, 0x04, 0x24, 0xea, 0xff, 0xff, 0xff, 0x89, 0xc1, 0xba, 0xf5,
  0x23, 0x40, 0x00, 0xb8, 0x12, 0x24, 0x40, 0x00, 0xe8, 0x13, 0x0e, 0x00,
  0x00, 0x85, 0xdb, 0x7e, 0x1c, 0xb8, 0x1c, 0x00, 0x00, 0x00, 0x89, 0xf1,
  0x89, 0xf2, 0xcd, 0x80, 0xba, 0x6c, 0x23, 0x40, 0x00, 0x89, 0xc1, 0xb8,
  0x16, 0x24, 0x40, 0x00, 0xe8, 0x93, 0x0f, 0x00, 0x00, 0x31, 0xed, 0xb8,
  0x17, 0x00, 0x00, 0x00, 0xbb, 0x01, 0x00, 0x00, 0x00, 0x89, 0xe9, 0x89,
  0xea, 0x89, 0xee, 0x89, 0xef, 0xcd, 0x80, 0xc7, 0x04, 0x24, 0xa8, 0xff,
  0xff, 0xff, 0x89, 0xc1, 0xba, 0x1b, 0x24, 0x40, 0x00, 0xb8, 0x35, 0x24,
  0x40, 0x00, 0xbb, 0x39, 0x30, 0x00, 0x00, 0xe8, 0xc0, 0x0d, 0x00, 0x00,
  0xb8, 0x17, 0x00, 0x00, 0x00, 0x89, 0xe9, 0x89, 0xea, 0xcd, 0x80, 0xc7,
  0x04, 0x24, 0xf7, 0xff, 0xff, 0xff, 0x89, 0xc1, 0xba, 0x39, 0x24, 0x40,
  0x00, 0xb8, 0x4d, 0x24, 0x40, 0x00, 0xe8, 0x9d, 0x0d, 0x00, 0x00, 0x8b,
  0x5c, 0x24, 0x08, 0xb8, 0x17, 0x00, 0x00, 0x00, 0x89, 0xe9, 0x89, 0xea,
  0xcd, 0x80, 0xc7, 0x04, 0x24, 0xf5, 0xff, 0xff, 0xff, 0x89, 0xc1, 0xba,
  0x51, 0x24, 0x40, 0x00, 0xb8, 0x6a, 0x24, 0x40, 0x00, 0xe8, 0x76, 0x0d,
  0x00, 0x00, 0xb8, 0x17, 0x00, 0x00, 0x00, 0x89, 0xe9, 0x89, 0xea, 0xcd,
  0x80, 0xc7, 0x04, 0x24, 0xf5, 0xff, 0xff, 0xff, 0x89, 0xc1, 0xba, 0x6e,
  0x24, 0x40, 0x00, 0xb8, 0x87, 0x24, 0x40, 0x00, 0xe8, 0x53, 0x0d, 0x00,
  0x00, 0xb8, 0x17, 0x00, 0x00, 0x00, 0x89, 0xe9, 0x89, 0xea, 0xcd, 0x80,
  0xc7, 0x04, 0x24, 0xf5, 0xff, 0xff, 0xff, 0x89, 0xc1, 0xba, 0x8b, 0x24,
  0x40, 0x00, 0xb8, 0xa4, 0x24, 0x40, 0x00, 0xbb, 0x02, 0x00, 0x00, 0x00,
  0xe8, 0x2b, 0x0d, 0x00, 0x00, 0xba, 0x0c, 0x2d, 0x40, 0x00, 0xb8, 0xa8,
  0x24, 0x40, 0x00, 0xe8, 0xdc, 0x0d, 0x00, 0x00, 0xb8, 0x88, 0x2d, 0x40,
  0x00, 0xe8, 0x72, 0x0e, 0x00, 0x00, 0xb8, 0x14, 0x00, 0x00, 0x00, 0x89,
  0xe9, 0x89, 0xea, 0xcd, 0x80, 0x31, 0xc9, 0x85, 0xc0, 0xc7, 0x04, 0x24,
  0x01, 0x00, 0x00, 0x00, 0x0f, 0x9f, 0xc1, 0x89, 0xc3, 0xba, 0xac, 0x24,
  0x40, 0x00, 0xb8, 0xc1, 0x24, 0x40, 0x00, 0xe8, 0xe8, 0x0c, 0x00, 0x00,
  0xbe, 0x02, 0x02, 0x00, 0x0a, 0xba, 0x04, 0x00, 0x00, 0x00, 0xb8, 0x18,
  0x00, 0x00, 0x00, 0xb9, 0x80, 0x46, 0x40, 0x00, 0xbf, 0xb3, 0x15, 0x00,
  0x00, 0xcd, 0x80, 0xc7, 0x04, 0x24, 0x9d, 0xff, 0xff, 0xff, 0x89, 0xc1,
  0xba, 0xc4, 0x2d, 0x40, 0x00, 0xb8, 0xc5, 0x24, 0x40, 0x00, 0xbe, 0x64,
  0x46, 0x40, 0x00, 0xe8, 0xb0, 0x0c, 0x00, 0x00, 0xbf, 0x60, 0x46, 0x40,
  0x00, 0xb8, 0x19, 0x00, 0x00, 0x00, 0x89, 0x5c, 0x24, 0x04, 0xb9, 0x80,
  0x46, 0x40, 0x00, 0xba, 0x80, 0x00, 0x00, 0x00, 0xcd, 0x80, 0xc7, 0x04,
  0x24, 0xf5, 0xff, 0xff, 0xff, 0x89, 0xc1, 0xba, 0x04, 0x2e, 0x40, 0x00,
  0xb8, 0xc9, 0x24, 0x40, 0x00, 0xbe, 0x02, 0x02, 0x00, 0x0a, 0xe8, 0x79,
  0x0c, 0x00, 0x00, 0xbf, 0xb3, 0x15, 0x00, 0x00, 0x8b, 0x1d, 0x00, 0x47,
  0x40, 0x00, 0xba, 0xc1, 0x05, 0x00, 0x00, 0xb8, 0x18, 0x00, 0x00, 0x00,
  0xb9, 0x80, 0x46, 0x40, 0x00, 0xcd, 0x80, 0xc7, 0x04, 0x24, 0xa6, 0xff,
  0xff, 0xff, 0x89, 0xc1, 0xba, 0xcd, 0x24, 0x40, 0x00, 0xb8, 0xe5, 0x24,
  0x40, 0x00, 0xe8, 0x45, 0x0c, 0x00, 0x00, 0x8b, 0x1d, 0x00, 0x47, 0x40,
  0x00, 0xba, 0x00, 0x10, 0x00, 0x00, 0xb8, 0x18, 0x00, 0x00, 0x00, 0xb9,
  0x80, 0x46, 0x40, 0x00, 0xcd, 0x80, 0xc7, 0x04, 0x24, 0xa6, 0xff, 0xff,
  0xff, 0x89, 0xc1, 0xba, 0xe9, 0x24, 0x40, 0x00, 0xb8, 0x01, 0x25, 0x40,
  0x00, 0xe8, 0x16, 0x0c, 0x00, 0x00, 0x8b, 0x1d, 0x00, 0x47, 0x40, 0x00,
  0xba, 0x10, 0x00, 0x00, 0x00, 0xb8, 0x18, 0x00, 0x00, 0x00, 0xb9, 0x00,
  0x01, 0x00, 0x00, 0xcd, 0x80, 0xc7, 0x04, 0x24, 0xf2, 0xff, 0xff, 0xff,
  0x89, 0xc1, 0xba, 0x28, 0x2e, 0x40, 0x00, 0xb8, 0x05, 0x25, 0x40, 0x00,
  0xe8, 0xe7, 0x0b, 0x00, 0x00, 0x8b, 0x1d, 0x00, 0x47, 0x40, 0x00, 0xb8,
  0x18, 0x00, 0x00, 0x00, 0xb9, 0x00, 0x00, 0xc0, 0xbf, 0xba, 0x01, 0x00,
  0x00, 0x00, 0xcd, 0x80, 0xc7, 0x04, 0x24, 0xf2, 0xff, 0xff, 0xff, 0x89,
  0xc1, 0xba, 0x58, 0x2e, 0x40, 0x00, 0xb8, 0x09, 0x25, 0x40, 0x00, 0xbe,
  0x64, 0x46, 0x40, 0x00, 0xe8, 0xb3, 0x0b, 0x00, 0x00, 0xbf, 0x60, 0x46,
  0x40, 0x00, 0x8b, 0x1d, 0x00, 0x47, 0x40, 0x00, 0xba, 0x40, 0x00, 0x00,
  0x00, 0xb8, 0x19, 0x00, 0x00, 0x00, 0xb9, 0x00, 0x01, 0x00, 0x00, 0xcd,
  0x80, 0xc7, 0x04, 0x24, 0xf2, 0xff, 0xff, 0xff, 0x89, 0xc1, 0xba, 0x0d,
  0x25, 0x40, 0x00, 0xb8, 0x24, 0x25, 0x40, 0x00, 0xbe, 0x00, 0x01, 0x00,
  0x00, 0xe8, 0x7a, 0x0b, 0x00, 0x00, 0x8b, 0x1d, 0x00, 0x47, 0x40, 0x00,
  0xb8, 0x19, 0x00, 0x00, 0x00, 0xb9, 0x80, 0x46, 0x40, 0x00, 0xba, 0x80,
  0x00, 0x00, 0x00, 0xcd, 0x80, 0xc7, 0x04, 0x24, 0xf2, 0xff, 0xff, 0xff,
  0x89, 0xc1, 0xba, 0x94, 0x2e, 0x40, 0x00, 0xb8, 0x28, 0x25, 0x40, 0x00,
  0xbe, 0x64, 0x46, 0x40, 0x00, 0xe8, 0x46, 0x0b, 0x00, 0x00, 0xbf, 0x00,
  0x00, 0xc0, 0xbf, 0x8b, 0x1d, 0x00, 0x47, 0x40, 0x00, 0xb8, 0x19, 0x00,
  0x00, 0x00, 0xb9, 0x80, 0x46, 0x40, 0x00, 0xba, 0x80, 0x00, 0x00, 0x00,
  0xcd, 0x80, 0xc7, 0x04, 0x24, 0xf2, 0xff, 0xff, 0xff, 0x89, 0xc1, 0xba,
  0xc0, 0x2e, 0x40, 0x00, 0xb8, 0x2c, 0x25, 0x40, 0x00, 0xbf, 0x60, 0x46,
  0x40, 0x00, 0xe8, 0x0d, 0x0b, 0x00, 0x00, 0x8b, 0x1d, 0x00, 0x47, 0x40,
  0x00, 0xb8, 0x19, 0x00, 0x00, 0x00, 0xb9, 0x80, 0x46, 0x40, 0x00, 0xba,
  0x80, 0x00, 0x00, 0x00, 0xcd, 0x80, 0xc7, 0x04, 0x24, 0xf5, 0xff, 0xff,
  0xff, 0x89, 0xc1, 0xba, 0xec, 0x2e, 0x40, 0x00, 0xb8, 0x30, 0x25, 0x40,
  0x00, 0xe8, 0xde, 0x0a, 0x00, 0x00, 0xba, 0x10, 0x2f, 0x40, 0x00, 0xb8,
  0x34, 0x25, 0x40, 0x00, 0xe8, 0x8f, 0x0b, 0x00, 0x00, 0xba, 0x54, 0x2f,
  0x40, 0x00, 0xb8, 0x38, 0x25, 0x40, 0x00, 0xe8, 0x80, 0x0b, 0x00, 0x00,
  0x8b, 0x5c, 0x24, 0x04, 0x85, 0xdb, 0x7e, 0x20, 0xb8, 0x1c, 0x00, 0x00,
  0x00, 0x89, 0xe9, 0x89, 0xea, 0x89, 0xee, 0x89, 0xef, 0xcd, 0x80, 0xba,
  0x3c, 0x25, 0x40, 0x00, 0x89, 0xc1, 0xb8, 0x4f, 0x25, 0x40, 0x00, 0xe8,
  0x38, 0x0c, 0x00, 0x00, 0x31, 0xf6, 0xb8, 0xac, 0x2f, 0x40, 0x00, 0xe8,
  0xec, 0x0b, 0x00, 0x00, 0xbd, 0x01, 0x00, 0x00, 0x00, 0xb8, 0x14, 0x00,
  0x00, 0x00, 0x89, 0xeb, 0x89, 0xf1, 0x89, 0xf2, 0x89, 0xf7, 0xcd, 0x80,
  0x31, 0xc9, 0x85, 0xc0, 0xc7, 0x04, 0x24, 0x01, 0x00, 0x00, 0x00, 0x0f,
  0x9f, 0xc1, 0x89, 0xc3, 0xba, 0xaf, 0x22, 0x40, 0x00, 0xb8, 0x54, 0x25,
  0x40, 0x00, 0xe8, 0x59, 0x0a, 0x00, 0x00, 0xb8, 0x1a, 0x00, 0x00, 0x00,
  0xb9, 0x80, 0x46, 0x40, 0x00, 0xba, 0x04, 0x00, 0x00, 0x00, 0xcd, 0x80,
  0xc7, 0x04, 0x24, 0x95, 0xff, 0xff, 0xff, 0x89, 0xc1, 0xba, 0x58, 0x25,
  0x40, 0x00, 0xb8, 0x75, 0x25, 0x40, 0x00, 0xe8, 0x30, 0x0a, 0x00, 0x00,
  0xb8, 0x1b, 0x00, 0x00, 0x00, 0xb9, 0x80, 0x46, 0x40, 0x00, 0x89, 0x5c,
  0x24, 0x04, 0xba, 0x04, 0x00, 0x00, 0x00, 0xcd, 0x80, 0xc7, 0x04, 0x24,
  0x95, 0xff, 0xff, 0xff, 0x89, 0xc1, 0xba, 0x79, 0x25, 0x40, 0x00, 0xb8,
  0x96, 0x25, 0x40, 0x00, 0xe8, 0x03, 0x0a, 0x00, 0x00, 0x8b, 0x5c, 0x24,
  0x08, 0xb8, 0x1a, 0x00, 0x00, 0x00, 0xb9, 0x80, 0x46, 0x40, 0x00, 0xba,
  0x04, 0x00, 0x00, 0x00, 0xcd, 0x80, 0xc7, 0x04, 0x24, 0x95, 0xff, 0xff,
  0xff, 0x89, 0xc1, 0xba, 0x9a, 0x25, 0x40, 0x00, 0xb8, 0xb7, 0x25, 0x40,
  0x00, 0xe8, 0xd6, 0x09, 0x00, 0x00, 0xb8, 0x1b, 0x00, 0x00, 0x00, 0xb9,
  0x80, 0x46, 0x40, 0x00, 0xba, 0x04, 0x00, 0x00, 0x00, 0xcd, 0x80, 0xc7,
  0x04, 0x24, 0x95, 0xff, 0xff, 0xff, 0x89, 0xc1, 0xba, 0xbb, 0x25, 0x40,
  0x00, 0xb8, 0xd8, 0x25, 0x40, 0x00, 0x89, 0xeb, 0xe8, 0xab, 0x09, 0x00,
  0x00, 0xb8, 0x1a, 0x00, 0x00, 0x00, 0xb9, 0x80, 0x46, 0x40, 0x00, 0x89,
  0xea, 0xcd, 0x80, 0xc7, 0x04, 0x24, 0xa8, 0xff, 0xff, 0xff, 0x89, 0xc1,
  0xba, 0xdc, 0x25, 0x40, 0x00, 0xb8, 0xf4, 0x25, 0x40, 0x00, 0xbb, 0x02,
  0x00, 0x00, 0x00, 0xe8, 0x80, 0x09, 0x00, 0x00, 0xb8, 0x1b, 0x00, 0x00,
  0x00, 0xb9, 0x80, 0x46, 0x40, 0x00, 0x89, 0xea, 0xcd, 0x80, 0xc7, 0x04,
  0x24, 0xa8, 0xff, 0xff, 0xff, 0x89, 0xc1, 0xba, 0xf8, 0x25, 0x40, 0x00,
  0xb8, 0x0f, 0x26, 0x40, 0x00, 0xbb, 0xfd, 0xff, 0xff, 0xff, 0xe8, 0x55,
  0x09, 0x00, 0x00, 0xb8, 0x1a, 0x00, 0x00, 0x00, 0xb9, 0x80, 0x46, 0x40,
  0x00, 0x89, 0xea, 0xcd, 0x80, 0xc7, 0x04, 0x24, 0xf7, 0xff, 0xff, 0xff,
  0x89, 0xc1, 0xba, 0x13, 0x26, 0x40, 0x00, 0xb8, 0x24, 0x26, 0x40, 0x00,
  0xbb, 0x00, 0x10, 0x00, 0x00, 0xe8, 0x2a, 0x09, 0x00, 0x00, 0xb8, 0x1b,
  0x00, 0x00, 0x00, 0xb9, 0x80, 0x46, 0x40, 0x00, 0x89, 0xea, 0xcd, 0x80,
  0xc7, 0x04, 0x24, 0xf7, 0xff, 0xff, 0xff, 0x89, 0xc1, 0xba, 0x28, 0x26,
  0x40, 0x00, 0xb8, 0x3a, 0x26, 0x40, 0x00, 0xe8, 0x04, 0x09, 0x00, 0x00,
  0xba, 0xe0, 0x2f, 0x40, 0x00, 0xb8, 0x3e, 0x26, 0x40, 0x00, 0xe8, 0xb5,
  0x09, 0x00, 0x00, 0x8b, 0x5c, 0x24, 0x04, 0x85, 0xdb, 0x7e, 0x1c, 0xb8,
  0x1c, 0x00, 0x00, 0x00, 0x89, 0xf1, 0x89, 0xf2, 0xcd, 0x80, 0xba, 0x6c,
  0x23, 0x40, 0x00, 0x89, 0xc1, 0xb8, 0x42, 0x26, 0x40, 0x00, 0xe8, 0x71,
  0x0a, 0x00, 0x00, 0x31, 0xf6, 0xb8, 0xd8, 0x30, 0x40, 0x00, 0xe8, 0x25,
  0x0a, 0x00, 0x00, 0xbd, 0x14, 0x00, 0x00, 0x00, 0xbb, 0x02, 0x00, 0x00,
  0x00, 0x89, 0xe8, 0x89, 0xf1, 0x89, 0xf2, 0x89, 0xf7, 0xcd, 0x80, 0x31,
  0xc9, 0x85, 0xc0, 0xc7, 0x04, 0x24, 0x01, 0x00, 0x00, 0x00, 0x0f, 0x9f,
  0xc1, 0x89, 0xc3, 0xba, 0x47, 0x26, 0x40, 0x00, 0xb8, 0x54, 0x26, 0x40,
  0x00, 0xe8, 0x92, 0x08, 0x00, 0x00, 0xb8, 0x1c, 0x00, 0x00, 0x00, 0x89,
  0xf1, 0x89, 0xf2, 0xcd, 0x80, 0xc7, 0x04, 0x24, 0x00, 0x00, 0x00, 0x00,
  0x89, 0xc1, 0xba, 0x58, 0x26, 0x40, 0x00, 0xb8, 0x6d, 0x26, 0x40, 0x00,
  0xe8, 0x6f, 0x08, 0x00, 0x00, 0xb8, 0x1c, 0x00, 0x00, 0x00, 0x89, 0xf1,
  0x89, 0xf2, 0xcd, 0x80, 0xc7, 0x04, 0x24, 0xf7, 0xff, 0xff, 0xff, 0x89,
  0xc1, 0xba, 0x1c, 0x31, 0x40, 0x00, 0xb8, 0x71, 0x26, 0x40, 0x00, 0xbb,
  0x1f, 0x00, 0x00, 0x00, 0xe8, 0x47, 0x08, 0x00, 0x00, 0xb8, 0x1c, 0x00,
  0x00, 0x00, 0x89, 0xf1, 0x89, 0xf2, 0xcd, 0x80, 0xc7, 0x04, 0x24, 0xf7,
  0xff, 0xff, 0xff, 0x89, 0xc1, 0xba, 0x75, 0x26, 0x40, 0x00, 0xb8, 0x93,
  0x26, 0x40, 0x00, 0xbb, 0xff, 0xff, 0xff, 0xff, 0xe8, 0x1f, 0x08, 0x00,
  0x00, 0xb8, 0x1c, 0x00, 0x00, 0x00, 0x89, 0xf1, 0x89, 0xf2, 0xcd, 0x80,
  0xc7, 0x04, 0x24, 0xf7, 0xff, 0xff, 0xff, 0x89, 0xc1, 0xba, 0x97, 0x26,
  0x40, 0x00, 0xb8, 0xa8, 0x26, 0x40, 0x00, 0xbb, 0x02, 0x00, 0x00, 0x00,
  0xe8, 0xf7, 0x07, 0x00, 0x00, 0x89, 0xe8, 0x89, 0xf1, 0x89, 0xf2, 0xcd,
  0x80, 0x31, 0xc9, 0x85, 0xc0, 0xc7, 0x04, 0x24, 0x01, 0x00, 0x00, 0x00,
  0x0f, 0x9f, 0xc1, 0x89, 0xc3, 0xba, 0xac, 0x26, 0x40, 0x00, 0xb8, 0xba,
  0x26, 0x40, 0x00, 0xe8, 0xd0, 0x07, 0x00, 0x00, 0xb8, 0x06, 0x00, 0x00,
  0x00, 0x89, 0xf1, 0x89, 0xf2, 0xcd, 0x80, 0xc7, 0x04, 0x24, 0xf7, 0xff,
  0xff, 0xff, 0x89, 0xc1, 0xba, 0x40, 0x31, 0x40, 0x00, 0xb8, 0xbe, 0x26,
  0x40, 0x00, 0xe8, 0xad, 0x07, 0x00, 0x00, 0xb8, 0x1c, 0x00, 0x00, 0x00,
  0x89, 0xf1, 0x89, 0xf2, 0xcd, 0x80, 0xc7, 0x04, 0x24, 0x00, 0x00, 0x00,
  0x00, 0x89, 0xc1, 0xba, 0x74, 0x31, 0x40, 0x00, 0xb8, 0xc2, 0x26, 0x40,
  0x00, 0xbb, 0x02, 0x00, 0x00, 0x00, 0xe8, 0x85, 0x07, 0x00, 0x00, 0x89,
  0xe8, 0x89, 0xf1, 0x89, 0xf2, 0xcd, 0x80, 0x31, 0xc9, 0x85, 0xc0, 0xc7,
  0x04, 0x24, 0x01, 0x00, 0x00, 0x00, 0x89, 0xc3, 0x0f, 0x9f, 0xc1, 0xba,
  0xc6, 0x26, 0x40, 0x00, 0xb8, 0xd4, 0x26, 0x40, 0x00, 0xe8, 0x5e, 0x07,
  0x00, 0x00, 0xb8, 0x1c, 0x00, 0x00, 0x00, 0x89, 0xf1, 0x89, 0x5c, 0x24,
  0x04, 0x89, 0xf2, 0xcd, 0x80, 0xc7, 0x04, 0x24, 0x00, 0x00, 0x00, 0x00,
  0x89, 0xc1, 0xba, 0xd8, 0x26, 0x40, 0x00, 0xb8, 0xed, 0x26, 0x40, 0x00,
  0xbb, 0x02, 0x00, 0x00, 0x00, 0xe8, 0x32, 0x07, 0x00, 0x00, 0x89, 0xe8,
  0x89, 0xf1, 0x89, 0xf2, 0xcd, 0x80, 0x85, 0xc0, 0x89, 0xc5, 0xc7, 0x04,
  0x24, 0x01, 0x00, 0x00, 0x00, 0x0f, 0x9f, 0xc3, 0xba, 0xf1, 0x26, 0x40,
  0x00, 0x0f, 0xb6, 0xcb, 0xb8, 0xfb, 0x26, 0x40, 0x00, 0xe8, 0x0a, 0x07,
  0x00, 0x00, 0xba, 0x98, 0x31, 0x40, 0x00, 0x39, 0x6c, 0x24, 0x04, 0xc7,
  0x04, 0x24, 0x01, 0x00, 0x00, 0x00, 0x0f, 0x94, 0xc0, 0x20, 0xd8, 0x89,
  0xeb, 0x0f, 0xb6, 0xc8, 0xb8, 0xff, 0x26, 0x40, 0x00, 0xe8, 0xe6, 0x06,
  0x00, 0x00, 0xb8, 0x1c, 0x00, 0x00, 0x00, 0x89, 0xf1, 0x89, 0xf2, 0xcd,
  0x80, 0xc7, 0x04, 0x24, 0x00, 0x00, 0x00, 0x00, 0x89, 0xc1, 0xba, 0x03,
  0x27, 0x40, 0x00, 0xb8, 0x14, 0x27, 0x40, 0x00, 0xbb, 0x18, 0x27, 0x40,
  0x00, 0xe8, 0xbe, 0x06, 0x00, 0x00, 0xb8, 0x05, 0x00, 0x00, 0x00, 0xb9,
  0x02, 0x00, 0x00, 0x00, 0x89, 0xf2, 0xcd, 0x80, 0x89, 0xc1, 0x89, 0xc3,
  0xc7, 0x04, 0x24, 0x01, 0x00, 0x00, 0x00, 0xf7, 0xd1, 0xba, 0x22, 0x27,
  0x40, 0x00, 0xc1, 0xe9, 0x1f, 0xb8, 0x38, 0x27, 0x40, 0x00, 0xe8, 0x91,
  0x06, 0x00, 0x00, 0x85, 0xdb, 0x0f, 0x88, 0x8f, 0x00, 0x00, 0x00, 0xbd,
  0x10, 0x00, 0x00, 0x00, 0xb8, 0x03, 0x00, 0x00, 0x00, 0xb9, 0x80, 0x46,
  0x40, 0x00, 0x89, 0xea, 0xcd, 0x80, 0x89, 0xc1, 0x31, 0xc0, 0x89, 0x04,
  0x24, 0xba, 0xc8, 0x31, 0x40, 0x00, 0xb8, 0x3c, 0x27, 0x40, 0x00, 0xe8,
  0x60, 0x06, 0x00, 0x00, 0xb8, 0x03, 0x00, 0x00, 0x00, 0xb9, 0x80, 0x46,
  0x40, 0x00, 0x89, 0xea, 0xcd, 0x80, 0x89, 0xc1, 0x31, 0xc0, 0x89, 0x04,
  0x24, 0xba, 0xf4, 0x31, 0x40, 0x00, 0xb8, 0x40, 0x27, 0x40, 0x00, 0xe8,
  0x3c, 0x06, 0x00, 0x00, 0xb8, 0x06, 0x00, 0x00, 0x00, 0x89, 0xf1, 0x89,
  0xf2, 0xcd, 0x80, 0xba, 0x20, 0x32, 0x40, 0x00, 0x89, 0xc1, 0xb8, 0x44,
  0x27, 0x40, 0x00, 0xe8, 0xc0, 0x07, 0x00, 0x00, 0xb8, 0x03, 0x00, 0x00,
  0x00, 0xb9, 0x80, 0x46, 0x40, 0x00, 0x89, 0xea, 0xcd, 0x80, 0xc7, 0x04,
  0x24, 0xf7, 0xff, 0xff, 0xff, 0x89, 0xc1, 0xba, 0x44, 0x32, 0x40, 0x00,
  0xb8, 0x49, 0x27, 0x40, 0x00, 0xe8, 0xfa, 0x05, 0x00, 0x00, 0x31, 0xff,
  0xbd, 0x14, 0x00, 0x00, 0x00, 0x89, 0x7c, 0x24, 0x04, 0xbb, 0x01, 0x00,
  0x00, 0x00, 0xeb, 0x1c, 0x2e, 0x8d, 0xb4, 0x26, 0x00, 0x00, 0x00, 0x00,
  0xff, 0x44, 0x24, 0x04, 0x8b, 0x7c, 0x24, 0x04, 0x89, 0x04, 0xbd, 0x5c,
  0x45, 0x40, 0x00, 0x83, 0xff, 0x40, 0x74, 0x16, 0x31, 0xd2, 0x89, 0xe8,
  0x89, 0xd1, 0x89, 0xd6, 0x89, 0xd7, 0xcd, 0x80, 0x85, 0xc0, 0x79, 0xdc,
  0x8b, 0x7c, 0x24, 0x04, 0x89, 0xc6, 0xc7, 0x04, 0x24, 0x01, 0x00, 0x00,
  0x00, 0x8d, 0x6f, 0xff, 0x83, 0xfd, 0x1f, 0x0f, 0x96, 0xc0, 0x83, 0xfe,
  0xe8, 0x0f, 0x94, 0xc2, 0x31, 0xdb, 0x20, 0xd0, 0xba, 0x78, 0x32, 0x40,
  0x00, 0x0f, 0xb6, 0xc8, 0xb8, 0x4d, 0x27, 0x40, 0x00, 0xe8, 0x8a, 0x05,
  0x00, 0x00, 0xb8, 0xac, 0x32, 0x40, 0x00, 0x89, 0x1d, 0x14, 0x47, 0x40,
  0x00, 0xe8, 0xfa, 0x03, 0x00, 0x00, 0x89, 0xf8, 0xe8, 0x33, 0x04, 0x00,
  0x00, 0xb8, 0x51, 0x27, 0x40, 0x00, 0xe8, 0xe9, 0x03, 0x00, 0x00, 0x89,
  0xf0, 0xe8, 0x22, 0x04, 0x00, 0x00, 0xb8, 0x5c, 0x27, 0x40, 0x00, 0xe8,
  0xd8, 0x03, 0x00, 0x00, 0xb8, 0x20, 0x00, 0x00, 0x00, 0xe8, 0x0e, 0x04,
  0x00, 0x00, 0xb8, 0x78, 0x27, 0x40, 0x00, 0xe8, 0xc4, 0x03, 0x00, 0x00,
  0xa1, 0x14, 0x47, 0x40, 0x00, 0x3d, 0xde, 0x00, 0x00, 0x00, 0x77, 0x10,
  0xc6, 0x80, 0x20, 0x47, 0x40, 0x00, 0x0a, 0x8d, 0x50, 0x01, 0x89, 0x15,
  0x14, 0x47, 0x40, 0x00, 0xe8, 0xb3, 0x04, 0x00, 0x00, 0x85, 0xff, 0x74,
  0x31, 0x31, 0xf6, 0xeb, 0x04, 0x8d, 0x76, 0x00, 0x4d, 0x8b, 0x1c, 0xad,
  0x60, 0x45, 0x40, 0x00, 0xb8, 0x1c, 0x00, 0x00, 0x00, 0x89, 0xf1, 0x89,
  0xf2, 0x89, 0xf7, 0xcd, 0x80, 0xba, 0x91, 0x27, 0x40, 0x00, 0x89, 0xc1,
  0xb8, 0xa6, 0x27, 0x40, 0x00, 0xe8, 0x92, 0x06, 0x00, 0x00, 0x85, 0xed,
  0x75, 0xd6, 0x31, 0xf6, 0xb8, 0x14, 0x00, 0x00, 0x00, 0xbb, 0x01, 0x00,
  0x00, 0x00, 0x89, 0xf1, 0x89, 0xf2, 0x89, 0xf7, 0xcd, 0x80, 0x31, 0xc9,
  0x85, 0xc0, 0xc7, 0x04, 0x24, 0x01, 0x00, 0x00, 0x00, 0x89, 0xc3, 0x0f,
  0x9f, 0xc1, 0xba, 0xd8, 0x32, 0x40, 0x00, 0xb8, 0xab, 0x27, 0x40, 0x00,
  0xe8, 0xbb, 0x04, 0x00, 0x00, 0x85, 0xdb, 0x7e, 0x1c, 0xb8, 0x1c, 0x00,
  0x00, 0x00, 0x89, 0xf1, 0x89, 0xf2, 0xcd, 0x80, 0xba, 0xaf, 0x27, 0x40,
  0x00, 0x89, 0xc1, 0xb8, 0xc3, 0x27, 0x40, 0x00, 0xe8, 0x3b, 0x06, 0x00,
  0x00, 0x31, 0xff, 0xbd, 0x14, 0x00, 0x00, 0x00, 0x89, 0x7c, 0x24, 0x04,
  0xbb, 0x02, 0x00, 0x00, 0x00, 0xeb, 0x21, 0x2e, 0x8d, 0xb4, 0x26, 0x00,
  0x00, 0x00, 0x00, 0x90, 0xff, 0x44, 0x24, 0x04, 0x8b, 0x74, 0x24, 0x04,
  0x89, 0x04, 0xb5, 0x5c, 0x45, 0x40, 0x00, 0x83, 0xfe, 0x40, 0x0f, 0x84,
  0xc0, 0x02, 0x00, 0x00, 0x31, 0xd2, 0x89, 0xe8, 0x89, 0xd1, 0x89, 0xd6,
  0x89, 0xd7, 0xcd, 0x80, 0x85, 0xc0, 0x79, 0xd8, 0x8b, 0x7c, 0x24, 0x04,
  0x89, 0xc6, 0xc7, 0x04, 0x24, 0x01, 0x00, 0x00, 0x00, 0x8d, 0x6f, 0xff,
  0x83, 0xfd, 0x07, 0x0f, 0x96, 0xc0, 0x83, 0xfe, 0xe8, 0x0f, 0x94, 0xc2,
  0x20, 0xd0, 0xba, 0xfc, 0x32, 0x40, 0x00, 0x0f, 0xb6, 0xc8, 0xb8, 0xc8,
  0x27, 0x40, 0x00, 0xe8, 0x28, 0x04, 0x00, 0x00, 0x31, 0xc9, 0xb8, 0x2c,
  0x33, 0x40, 0x00, 0x89, 0x0d, 0x14, 0x47, 0x40, 0x00, 0xe8, 0x96, 0x02,
  0x00, 0x00, 0x89, 0xf8, 0xe8, 0xcf, 0x02, 0x00, 0x00, 0xb8, 0x51, 0x27,
  0x40, 0x00, 0xe8, 0x85, 0x02, 0x00, 0x00, 0x89, 0xf0, 0xe8, 0xbe, 0x02,
  0x00, 0x00, 0xa1, 0x14, 0x47, 0x40, 0x00, 0x3d, 0xde, 0x00, 0x00, 0x00,
  0x77, 0x10, 0xc6, 0x80, 0x20, 0x47, 0x40, 0x00, 0x0a, 0x8d, 0x50, 0x01,
  0x89, 0x15, 0x14, 0x47, 0x40, 0x00, 0xe8, 0x6d, 0x03, 0x00, 0x00, 0x85,
  0xff, 0x74, 0x33, 0x31, 0xf6, 0xeb, 0x06, 0x2e, 0x8d, 0x74, 0x26, 0x00,
  0x4d, 0x8b, 0x1c, 0xad, 0x60, 0x45, 0x40, 0x00, 0xb8, 0x1c, 0x00, 0x00,
  0x00, 0x89, 0xf1, 0x89, 0xf2, 0x89, 0xf7, 0xcd, 0x80, 0xba, 0xcc, 0x27,
  0x40, 0x00, 0x89, 0xc1, 0xb8, 0xe1, 0x27, 0x40, 0x00, 0xe8, 0x4a, 0x05,
  0x00, 0x00, 0x85, 0xed, 0x75, 0xd6, 0x31, 0xf6, 0xb8, 0x14, 0x00, 0x00,
  0x00, 0xbb, 0x02, 0x00, 0x00, 0x00, 0x89, 0xf1, 0x89, 0xf2, 0x89, 0xf7,
  0xcd, 0x80, 0x31, 0xc9, 0x85, 0xc0, 0xc7, 0x04, 0x24, 0x01, 0x00, 0x00,
  0x00, 0x89, 0xc3, 0x0f, 0x9f, 0xc1, 0xba, 0x58, 0x33, 0x40, 0x00, 0xb8,
  0xe6, 0x27, 0x40, 0x00, 0xe8, 0x73, 0x03, 0x00, 0x00, 0x85, 0xdb, 0x7e,
  0x1c, 0xb8, 0x1c, 0x00, 0x00, 0x00, 0x89, 0xf1, 0x89, 0xf2, 0xcd, 0x80,
  0xba, 0xea, 0x27, 0x40, 0x00, 0x89, 0xc1, 0xb8, 0xfe, 0x27, 0x40, 0x00,
  0xe8, 0xf3, 0x04, 0x00, 0x00, 0xb8, 0x7c, 0x33, 0x40, 0x00, 0x31, 0xf6,
  0xe8, 0x67, 0x04, 0x00, 0x00, 0xb8, 0x03, 0x28, 0x40, 0x00, 0x89, 0xf3,
  0xe8, 0x9b, 0x04, 0x00, 0x00, 0x89, 0xf7, 0xb8, 0x63, 0x00, 0x00, 0x00,
  0x89, 0xf1, 0x89, 0xf2, 0xcd, 0x80, 0xc7, 0x04, 0x24, 0xda, 0xff, 0xff,
  0xff, 0x89, 0xc1, 0xba, 0x1f, 0x28, 0x40, 0x00, 0xb8, 0x33, 0x28, 0x40,
  0x00, 0xe8, 0x16, 0x03, 0x00, 0x00, 0xb8, 0x11, 0x00, 0x00, 0x00, 0x89,
  0xf1, 0x89, 0xf2, 0xcd, 0x80, 0xc7, 0x04, 0x24, 0xda, 0xff, 0xff, 0xff,
  0x89, 0xc1, 0xba, 0xd0, 0x34, 0x40, 0x00, 0xb8, 0x37, 0x28, 0x40, 0x00,
  0xe8, 0xf3, 0x02, 0x00, 0x00, 0x8b, 0x5c, 0x24, 0x08, 0x85, 0xdb, 0x7e,
  0x1c, 0xb8, 0x1c, 0x00, 0x00, 0x00, 0x89, 0xf1, 0x89, 0xf2, 0xcd, 0x80,
  0xba, 0x3b, 0x28, 0x40, 0x00, 0x89, 0xc1, 0xb8, 0x50, 0x28, 0x40, 0x00,
  0xe8, 0x6f, 0x04, 0x00, 0x00, 0x8b, 0x1d, 0x00, 0x47, 0x40, 0x00, 0x85,
  0xdb, 0x7e, 0x20, 0x31, 0xd2, 0xb8, 0x1c, 0x00, 0x00, 0x00, 0x89, 0xd1,
  0x89, 0xd6, 0x89, 0xd7, 0xcd, 0x80, 0xba, 0x56, 0x28, 0x40, 0x00, 0x89,
  0xc1, 0xb8, 0x68, 0x28, 0x40, 0x00, 0xe8, 0x45, 0x04, 0x00, 0x00, 0x31,
  0xd2, 0xb8, 0xfc, 0x34, 0x40, 0x00, 0x89, 0x15, 0x14, 0x47, 0x40, 0x00,
  0xe8, 0x13, 0x01, 0x00, 0x00, 0xa1, 0x10, 0x47, 0x40, 0x00, 0xe8, 0x49,
  0x01, 0x00, 0x00, 0xb8, 0x6e, 0x28, 0x40, 0x00, 0xe8, 0xff, 0x00, 0x00,
  0x00, 0x8b, 0x1d, 0x0c, 0x47, 0x40, 0x00, 0x89, 0xd8, 0xe8, 0x32, 0x01,
  0x00, 0x00, 0xb8, 0x77, 0x28, 0x40, 0x00, 0xe8, 0xe8, 0x00, 0x00, 0x00,
  0xa1, 0x08, 0x47, 0x40, 0x00, 0xe8, 0x1e, 0x01, 0x00, 0x00, 0xb8, 0x7f,
  0x28, 0x40, 0x00, 0xe8, 0xd4, 0x00, 0x00, 0x00, 0xa1, 0x04, 0x47, 0x40,
  0x00, 0xe8, 0x0a, 0x01, 0x00, 0x00, 0xa1, 0x14, 0x47, 0x40, 0x00, 0x3d,
  0xde, 0x00, 0x00, 0x00, 0x77, 0x10, 0xc6, 0x80, 0x20, 0x47, 0x40, 0x00,
  0x0a, 0x8d, 0x50, 0x01, 0x89, 0x15, 0x14, 0x47, 0x40, 0x00, 0xe8, 0xb9,
  0x01, 0x00, 0x00, 0x31, 0xc0, 0xa3, 0x14, 0x47, 0x40, 0x00, 0xb8, 0x86,
  0x28, 0x40, 0x00, 0xe8, 0x98, 0x00, 0x00, 0x00, 0x85, 0xdb, 0x0f, 0x95,
  0xc3, 0x0f, 0xb6, 0xdb, 0x8d, 0x04, 0x1b, 0xe8, 0xc8, 0x00, 0x00, 0x00,
  0xb8, 0x1c, 0x35, 0x40, 0x00, 0xe8, 0x7e, 0x00, 0x00, 0x00, 0xa1, 0x14,
  0x47, 0x40, 0x00, 0x3d, 0xde, 0x00, 0x00, 0x00, 0x77, 0x10, 0xc6, 0x80,
  0x20, 0x47, 0x40, 0x00, 0x0a, 0x8d, 0x50, 0x01, 0x89, 0x15, 0x14, 0x47,
  0x40, 0x00, 0xe8, 0x6d, 0x01, 0x00, 0x00, 0x31, 0xd2, 0x01, 0xdb, 0xb8,
  0x0c, 0x00, 0x00, 0x00, 0x89, 0xd1, 0x89, 0xd6, 0x89, 0xd7, 0xcd, 0x80,
  0x2e, 0x8d, 0xb4, 0x26, 0x00, 0x00, 0x00, 0x00, 0x8d, 0x74, 0x26, 0x00,
  0xf4, 0xeb, 0xfd, 0xff, 0x05, 0x08, 0x47, 0x40, 0x00, 0xb8, 0x84, 0x2b,
  0x40, 0x00, 0xe8, 0x2d, 0x00, 0x00, 0x00, 0xe9, 0xac, 0xef, 0xff, 0xff,
  0x89, 0xf7, 0x31, 0xf6, 0xe9, 0x4d, 0xfd, 0xff, 0xff, 0xff, 0x05, 0x10,
  0x47, 0x40, 0x00, 0xb8, 0x60, 0x2b, 0x40, 0x00, 0xe8, 0x0f, 0x00, 0x00,
  0x00, 0xe9, 0x8e, 0xef, 0xff, 0xff, 0x66, 0x90, 0x66, 0x90, 0x66, 0x90,
  0x66, 0x90, 0x66, 0x90, 0x0f, 0xb6, 0x10, 0x84, 0xd2, 0x74, 0x31, 0x53,
  0x8b, 0x0d, 0x14, 0x47, 0x40, 0x00, 0x31, 0xdb, 0x40, 0x81, 0xf9, 0xde,
  0x00, 0x00, 0x00, 0x77, 0x09, 0x88, 0x91, 0x20, 0x47, 0x40, 0x00, 0xb3,
  0x01, 0x41, 0x0f, 0xb6, 0x10, 0x84, 0xd2, 0x75, 0xe7, 0x84, 0xdb, 0x74,
  0x06, 0x89, 0x0d, 0x14, 0x47, 0x40, 0x00, 0x5b, 0xc3, 0x8d, 0x76, 0x00,
  0xc3, 0x8d, 0xb4, 0x26, 0x00, 0x00, 0x00, 0x00, 0x55, 0x89, 0xc1, 0x57,
  0x56, 0x53, 0x83, 0xec, 0x10, 0x85, 0xc0, 0x78, 0x63, 0x8b, 0x35, 0x14,
  0x47, 0x40, 0x00, 0x75, 0x7c, 0xc6, 0x44, 0x24, 0x04, 0x30, 0x8b, 0x35,
  0x14, 0x47, 0x40, 0x00, 0xbb, 0x01, 0x00, 0x00, 0x00, 0x8d, 0x7c, 0x24,
  0x04, 0x31, 0xc9, 0x8d, 0x44, 0x1c, 0x03, 0xeb, 0x09, 0x8d, 0xb4, 0x26,
  0x00, 0x00, 0x00, 0x00, 0x89, 0xd0, 0x81, 0xfe, 0xde, 0x00, 0x00, 0x00,
  0x77, 0x0c, 0x0f, 0xb6, 0x18, 0x46, 0xb1, 0x01, 0x88, 0x9e, 0x1f, 0x47,
  0x40, 0x00, 0x8d, 0x50, 0xff, 0x39, 0xc7, 0x75, 0xe3, 0x84, 0xc9, 0x74,
  0x06, 0x89, 0x35, 0x14, 0x47, 0x40, 0x00, 0x83, 0xc4, 0x10, 0x5b, 0x5e,
  0x5f, 0x5d, 0xc3, 0x2e, 0x8d, 0xb4, 0x26, 0x00, 0x00, 0x00, 0x00, 0x90,
  0x8b, 0x35, 0x14, 0x47, 0x40, 0x00, 0x81, 0xfe, 0xde, 0x00, 0x00, 0x00,
  0x77, 0x11, 0xc6, 0x86, 0x20, 0x47, 0x40, 0x00, 0x2d, 0x8d, 0x46, 0x01,
  0xa3, 0x14, 0x47, 0x40, 0x00, 0x89, 0xc6, 0xf7, 0xd9, 0x31, 0xdb, 0xbf,
  0xcd, 0xcc, 0xcc, 0xcc, 0x2e, 0x8d, 0xb4, 0x26, 0x00, 0x00, 0x00, 0x00,
  0x89, 0xc8, 0x43, 0xf7, 0xe7, 0x89, 0xc8, 0xc1, 0xea, 0x03, 0x8d, 0x2c,
  0x92, 0x01, 0xed, 0x29, 0xe8, 0x04, 0x30, 0x88, 0x44, 0x1c, 0x03, 0x89,
  0xc8, 0x89, 0xd1, 0x83, 0xf8, 0x09, 0x77, 0xe0, 0xe9, 0x60, 0xff, 0xff,
  0xff, 0x2e, 0x8d, 0xb4, 0x26, 0x00, 0x00, 0x00, 0x00, 0x8d, 0x76, 0x00,
  0x83, 0xec, 0x0c, 0x31, 0xd2, 0x89, 0x1c, 0x24, 0xa1, 0x14, 0x47, 0x40,
  0x00, 0x89, 0x74, 0x24, 0x04, 0x89, 0x7c, 0x24, 0x08, 0xc6, 0x80, 0x20,
  0x47, 0x40, 0x00, 0x00, 0x80, 0x3d, 0x20, 0x47, 0x40, 0x00, 0x00, 0x74,
  0x15, 0x2e, 0x8d, 0xb4, 0x26, 0x00, 0x00, 0x00, 0x00, 0x8d, 0x76, 0x00,
  0x42, 0x80, 0xba, 0x20, 0x47, 0x40, 0x00, 0x00, 0x75, 0xf6, 0xb8, 0x01,
  0x00, 0x00, 0x00, 0x31, 0xf6, 0xb9, 0x20, 0x47, 0x40, 0x00, 0x89, 0xc3,
  0x89, 0xf7, 0xcd, 0x80, 0x31, 0xc0, 0x8b, 0x1c, 0x24, 0xa3, 0x14, 0x47,
  0x40, 0x00, 0x8b, 0x74, 0x24, 0x04, 0x8b, 0x7c, 0x24, 0x08, 0x83, 0xc4,
  0x0c, 0xc3, 0x2e, 0x8d, 0xb4, 0x26, 0x00, 0x00, 0x00, 0x00, 0x8d, 0xb6,
  0x00, 0x00, 0x00, 0x00, 0x55, 0x57, 0x89, 0xc7, 0x56, 0x31, 0xc0, 0x53,
  0x89, 0xd6, 0x89, 0xcb, 0x8b, 0x6c, 0x24, 0x14, 0xa3, 0x14, 0x47, 0x40,
  0x00, 0xb8, 0x00, 0x20, 0x40, 0x00, 0xe8, 0x61, 0xfe, 0xff, 0xff, 0x89,
  0xf8, 0xe8, 0x5a, 0xfe, 0xff, 0xff, 0xa1, 0x14, 0x47, 0x40, 0x00, 0x3d,
  0xde, 0x00, 0x00, 0x00, 0x77, 0x10, 0xc6, 0x80, 0x20, 0x47, 0x40, 0x00,
  0x20, 0x8d, 0x50, 0x01, 0x89, 0x15, 0x14, 0x47, 0x40, 0x00, 0x89, 0xf0,
  0xe8, 0x37, 0xfe, 0xff, 0xff, 0xb8, 0x08, 0x20, 0x40, 0x00, 0xe8, 0x2d,
  0xfe, 0xff, 0xff, 0x89, 0xe8, 0xe8, 0x66, 0xfe, 0xff, 0xff, 0xb8, 0x12,
  0x20, 0x40, 0x00, 0xe8, 0x1c, 0xfe, 0xff, 0xff, 0x89, 0xd8, 0xe8, 0x55,
  0xfe, 0xff, 0xff, 0x39, 0xdd, 0x74, 0x35, 0xff, 0x05, 0x0c, 0x47, 0x40,
  0x00, 0xb8, 0x1e, 0x20, 0x40, 0x00, 0xe8, 0x01, 0xfe, 0xff, 0xff, 0xa1,
  0x14, 0x47, 0x40, 0x00, 0x3d, 0xde, 0x00, 0x00, 0x00, 0x77, 0x10, 0xc6,
  0x80, 0x20, 0x47, 0x40, 0x00, 0x0a, 0x8d, 0x50, 0x01, 0x89, 0x15, 0x14,
  0x47, 0x40, 0x00, 0x5b, 0x5e, 0x5f, 0x5d, 0xe9, 0xec, 0xfe, 0xff, 0xff,
  0xff, 0x05, 0x10, 0x47, 0x40, 0x00, 0xb8, 0x18, 0x20, 0x40, 0x00, 0xe8,
  0xcc, 0xfd, 0xff, 0xff, 0xeb, 0xc9, 0x2e, 0x8d, 0xb4, 0x26, 0x00, 0x00,
  0x00, 0x00, 0x66, 0x90, 0x56, 0x89, 0xc6, 0x53, 0x31, 0xc0, 0x89, 0xd3,
  0xa3, 0x14, 0x47, 0x40, 0x00, 0xb8, 0x00, 0x20, 0x40, 0x00, 0xe8, 0xa9,
  0xfd, 0xff, 0xff, 0x89, 0xf0, 0xe8, 0xa2, 0xfd, 0xff, 0xff, 0xb8, 0x24,
  0x20, 0x40, 0x00, 0xe8, 0x98, 0xfd, 0xff, 0xff, 0x89, 0xd8, 0xe8, 0x91,
  0xfd, 0xff, 0xff, 0xa1, 0x14, 0x47, 0x40, 0x00, 0xff, 0x05, 0x04, 0x47,
  0x40, 0x00, 0x3d, 0xde, 0x00, 0x00, 0x00, 0x77, 0x10, 0xc6, 0x80, 0x20,
  0x47, 0x40, 0x00, 0x0a, 0x8d, 0x50, 0x01, 0x89, 0x15, 0x14, 0x47, 0x40,
  0x00, 0x5b, 0x5e, 0xe9, 0x78, 0xfe, 0xff, 0xff, 0x2e, 0x8d, 0xb4, 0x26,
  0x00, 0x00, 0x00, 0x00, 0x53, 0x89, 0xc3, 0x31, 0xc0, 0xa3, 0x14, 0x47,
  0x40, 0x00, 0xb8, 0x38, 0x20, 0x40, 0x00, 0xe8, 0x4c, 0xfd, 0xff, 0xff,
  0x89, 0xd8, 0xe8, 0x45, 0xfd, 0xff, 0xff, 0xa1, 0x14, 0x47, 0x40, 0x00,
  0x3d, 0xde, 0x00, 0x00, 0x00, 0x77, 0x10, 0xc6, 0x80, 0x20, 0x47, 0x40,
  0x00, 0x0a, 0x8d, 0x50, 0x01, 0x89, 0x15, 0x14, 0x47, 0x40, 0x00, 0x5b,
  0xe9, 0x33, 0xfe, 0xff, 0xff, 0x8d, 0x76, 0x00, 0x53, 0x89, 0xc3, 0x31,
  0xc0, 0xa3, 0x14, 0x47, 0x40, 0x00, 0xb8, 0x48, 0x20, 0x40, 0x00, 0xe8,
  0x0c, 0xfd, 0xff, 0xff, 0x89, 0xd8, 0xe8, 0x05, 0xfd, 0xff, 0xff, 0xa1,
  0x14, 0x47, 0x40, 0x00, 0x3d, 0xde, 0x00, 0x00, 0x00, 0x77, 0x10, 0xc6,
  0x80, 0x20, 0x47, 0x40, 0x00, 0x0a, 0x8d, 0x50, 0x01, 0x89, 0x15, 0x14,
  0x47, 0x40, 0x00, 0x5b, 0xe9, 0xf3, 0xfd, 0xff, 0xff, 0x8d, 0x76, 0x00,
  0x55, 0x89, 0xcd, 0x57, 0x31, 0xc9, 0x56, 0x89, 0xc6, 0x89, 0xd0, 0x31,
  0xd2, 0x53, 0xbf, 0x51, 0x20, 0x40, 0x00, 0x31, 0xdb, 0x89, 0x15, 0x14,
  0x47, 0x40, 0x00, 0xb2, 0x49, 0x8d, 0x76, 0x00, 0x47, 0x81, 0xfb, 0xde,
  0x00, 0x00, 0x00, 0x77, 0x09, 0x88, 0x93, 0x20, 0x47, 0x40, 0x00, 0xb1,
  0x01, 0x43, 0x0f, 0xb6, 0x17, 0x84, 0xd2, 0x75, 0xe7, 0x84, 0xc9, 0x0f,
  0x84, 0x5f, 0x01, 0x00, 0x00, 0x89, 0x1d, 0x14, 0x47, 0x40, 0x00, 0x0f,
  0xb6, 0x16, 0x84, 0xd2, 0x0f, 0x84, 0x8e, 0x01, 0x00, 0x00, 0x89, 0xdf,
  0x31, 0xc9, 0x2e, 0x8d, 0xb4, 0x26, 0x00, 0x00, 0x00, 0x00, 0x66, 0x90,
  0x46, 0x81, 0xff, 0xde, 0x00, 0x00, 0x00, 0x77, 0x09, 0x88, 0x97, 0x20,
  0x47, 0x40, 0x00, 0xb1, 0x01, 0x47, 0x0f, 0xb6, 0x16, 0x84, 0xd2, 0x75,
  0xe7, 0x84, 0xc9, 0x0f, 0x84, 0x5f, 0x01, 0x00, 0x00, 0x89, 0x3d, 0x14,
  0x47, 0x40, 0x00, 0x81, 0xff, 0xde, 0x00, 0x00, 0x00, 0x0f, 0x86, 0x1d,
  0x01, 0x00, 0x00, 0x0f, 0xb6, 0x10, 0x84, 0xd2, 0x0f, 0x84, 0x32, 0x01,
  0x00, 0x00, 0x89, 0xfb, 0x31, 0xc9, 0x2e, 0x8d, 0xb4, 0x26, 0x00, 0x00,
  0x00, 0x00, 0x8d, 0xb6, 0x00, 0x00, 0x00, 0x00, 0x40, 0x81, 0xfb, 0xde,
  0x00, 0x00, 0x00, 0x77, 0x09, 0x88, 0x93, 0x20, 0x47, 0x40, 0x00, 0xb1,
  0x01, 0x43, 0x0f, 0xb6, 0x10, 0x84, 0xd2, 0x75, 0xe7, 0x84, 0xc9, 0x0f,
  0x84, 0xff, 0x00, 0x00, 0x00, 0x89, 0x1d, 0x14, 0x47, 0x40, 0x00, 0x31,
  0xd2, 0xb0, 0x3a, 0xb9, 0x5c, 0x20, 0x40, 0x00, 0x41, 0x81, 0xfb, 0xde,
  0x00, 0x00, 0x00, 0x77, 0x09, 0x88, 0x83, 0x20, 0x47, 0x40, 0x00, 0xb2,
  0x01, 0x43, 0x0f, 0xb6, 0x01, 0x84, 0xc0, 0x75, 0xe7, 0x84, 0xd2, 0x74,
  0x06, 0x89, 0x1d, 0x14, 0x47, 0x40, 0x00, 0x89, 0xe8, 0x31, 0xdb, 0xe8,
  0x14, 0xfc, 0xff, 0xff, 0x8b, 0x35, 0x14, 0x47, 0x40, 0x00, 0xb1, 0x20,
  0xb8, 0x61, 0x20, 0x40, 0x00, 0x89, 0xf2, 0x2e, 0x8d, 0x74, 0x26, 0x00,
  0x40, 0x81, 0xfa, 0xde, 0x00, 0x00, 0x00, 0x77, 0x09, 0x88, 0x8a, 0x20,
  0x47, 0x40, 0x00, 0xb3, 0x01, 0x42, 0x0f, 0xb6, 0x08, 0x84, 0xc9, 0x75,
  0xe7, 0x84, 0xdb, 0x74, 0x08, 0x89, 0x15, 0x14, 0x47, 0x40, 0x00, 0x89,
  0xd6, 0x81, 0xfe, 0xde, 0x00, 0x00, 0x00, 0x77, 0x11, 0xc6, 0x86, 0x20,
  0x47, 0x40, 0x00, 0x0a, 0x8d, 0x46, 0x01, 0xa3, 0x14, 0x47, 0x40, 0x00,
  0x89, 0xc6, 0xc6, 0x86, 0x20, 0x47, 0x40, 0x00, 0x00, 0x31, 0xd2, 0x80,
  0x3d, 0x20, 0x47, 0x40, 0x00, 0x00, 0x74, 0x0a, 0x42, 0x80, 0xba, 0x20,
  0x47, 0x40, 0x00, 0x00, 0x75, 0xf6, 0xb8, 0x01, 0x00, 0x00, 0x00, 0x31,
  0xf6, 0xb9, 0x20, 0x47, 0x40, 0x00, 0x89, 0xc3, 0x89, 0xf7, 0xcd, 0x80,
  0x5b, 0x31, 0xc0, 0xa3, 0x14, 0x47, 0x40, 0x00, 0x5e, 0x5f, 0x5d, 0xc3,
  0x2e, 0x8d, 0xb4, 0x26, 0x00, 0x00, 0x00, 0x00, 0x0f, 0xb6, 0x16, 0x31,
  0xdb, 0x31, 0xff, 0x84, 0xd2, 0x0f, 0x85, 0xa3, 0xfe, 0xff, 0xff, 0x90,
  0xc6, 0x87, 0x20, 0x47, 0x40, 0x00, 0x20, 0x8d, 0x57, 0x01, 0x89, 0x15,
  0x14, 0x47, 0x40, 0x00, 0x89, 0xd7, 0x0f, 0xb6, 0x10, 0x84, 0xd2, 0x0f,
  0x85, 0xd1, 0xfe, 0xff, 0xff, 0x8d, 0x76, 0x00, 0x89, 0xfb, 0xe9, 0x00,
  0xff, 0xff, 0xff, 0x2e, 0x8d, 0xb4, 0x26, 0x00, 0x00, 0x00, 0x00, 0x90,
  0x89, 0xdf, 0xe9, 0xa0, 0xfe, 0xff, 0xff, 0x2e, 0x8d, 0xb4, 0x26, 0x00,
  0x00, 0x00, 0x00, 0x90, 0xe8, 0xab, 0xe6, 0xff, 0xff, 0x00, 0x00, 0x00,
  0x00, 0x00, 0x00, 0x00, 0x00, 0x00, 0x00, 0x00, 0x00, 0x00, 0x00, 0x00,
  0x00, 0x00, 0x00, 0x00, 0x00, 0x00, 0x00, 0x00, 0x00, 0x00, 0x00, 0x00,
  0x00, 0x00, 0x00, 0x00, 0x00, 0x00, 0x00, 0x00, 0x00, 0x00, 0x00, 0x00,
  0x00, 0x00, 0x00, 0x00, 0x00, 0x00, 0x00, 0x00, 0x00, 0x00, 0x00, 0x00,
  0x00, 0x00, 0x00, 0x00, 0x00, 0x00, 0x00, 0x00, 0x00, 0x00, 0x00, 0x00,
  0x00, 0x00, 0x00, 0x00, 0x00, 0x00, 0x00, 0x00, 0x00, 0x00, 0x00, 0x00,
  0x00, 0x00, 0x00, 0x00, 0x00, 0x00, 0x00, 0x00, 0x00, 0x00, 0x00, 0x00,
  0x00, 0x00, 0x00, 0x00, 0x00, 0x00, 0x00, 0x00, 0x00, 0x00, 0x00, 0x00,
  0x00, 0x00, 0x00, 0x00, 0x00, 0x00, 0x00, 0x00, 0x00, 0x00, 0x00, 0x00,
  0x00, 0x00, 0x00, 0x00, 0x00, 0x00, 0x00, 0x00, 0x00, 0x00, 0x00, 0x00,
  0x00, 0x00, 0x00, 0x00, 0x00, 0x00, 0x00, 0x00, 0x00, 0x00, 0x00, 0x00,
  0x00, 0x00, 0x00, 0x00, 0x00, 0x00, 0x00, 0x00, 0x00, 0x00, 0x00, 0x00,
  0x00, 0x00, 0x00, 0x00, 0x00, 0x00, 0x00, 0x00, 0x00, 0x00, 0x00, 0x00,
  0x00, 0x00, 0x00, 0x00, 0x00, 0x00, 0x00, 0x00, 0x00, 0x00, 0x00, 0x00,
  0x00, 0x00, 0x00, 0x00, 0x00, 0x00, 0x00, 0x00, 0x00, 0x00, 0x00, 0x00,
  0x00, 0x00, 0x00, 0x00, 0x00, 0x00, 0x00, 0x00, 0x00, 0x00, 0x00, 0x00,
  0x00, 0x00, 0x00, 0x00, 0x00, 0x00, 0x00, 0x00, 0x00, 0x00, 0x00, 0x00,
  0x00, 0x00, 0x00, 0x00, 0x00, 0x00, 0x00, 0x00, 0x00, 0x00, 0x00, 0x00,
  0x00, 0x00, 0x00, 0x00, 0x00, 0x00, 0x00, 0x00, 0x00, 0x00, 0x00, 0x00,
  0x00, 0x00, 0x00, 0x00, 0x00, 0x00, 0x00, 0x00, 0x00, 0x00, 0x00, 0x00,
  0x00, 0x00, 0x00, 0x00, 0x00, 0x00, 0x00, 0x00, 0x00, 0x00, 0x00, 0x00,
  0x00, 0x00, 0x00, 0x00, 0x00, 0x00, 0x00, 0x00, 0x00, 0x00, 0x00, 0x00,
  0x00, 0x00, 0x00, 0x00, 0x00, 0x00, 0x00, 0x00, 0x00, 0x00, 0x00, 0x00,
  0x00, 0x00, 0x00, 0x00, 0x00, 0x00, 0x00, 0x00, 0x00, 0x00, 0x00, 0x00,
  0x00, 0x00, 0x00, 0x00, 0x00, 0x00, 0x00, 0x00, 0x00, 0x00, 0x00, 0x00,
  0x00, 0x00, 0x00, 0x00, 0x00, 0x00, 0x00, 0x00, 0x00, 0x00, 0x00, 0x00,
  0x00, 0x00, 0x00, 0x00, 0x00, 0x00, 0x00, 0x00, 0x00, 0x00, 0x00, 0x00,
  0x00, 0x00, 0x00, 0x00, 0x00, 0x00, 0x00, 0x00, 0x00, 0x00, 0x00, 0x00,
  0x00, 0x00, 0x00, 0x00, 0x00, 0x00, 0x00, 0x00, 0x00, 0x00, 0x00, 0x00,
  0x00, 0x00, 0x00, 0x00, 0x00, 0x00, 0x00, 0x00, 0x00, 0x00, 0x00, 0x00,
  0x00, 0x00, 0x00, 0x00, 0x00, 0x00, 0x00, 0x00, 0x00, 0x00, 0x00, 0x00,
  0x00, 0x00, 0x00, 0x00, 0x00, 0x00, 0x00, 0x00, 0x00, 0x00, 0x00, 0x00,
  0x00, 0x00, 0x00, 0x00, 0x00, 0x00, 0x00, 0x00, 0x00, 0x00, 0x00, 0x00,
  0x00, 0x00, 0x00, 0x00, 0x00, 0x00, 0x00, 0x00, 0x00, 0x00, 0x00, 0x00,
  0x00, 0x00, 0x00, 0x00, 0x00, 0x00, 0x00, 0x00, 0x00, 0x00, 0x00, 0x00,
  0x00, 0x00, 0x00, 0x00, 0x00, 0x00, 0x00, 0x00, 0x00, 0x00, 0x00, 0x00,
  0x00, 0x00, 0x00, 0x00, 0x00, 0x00, 0x00, 0x00, 0x00, 0x00, 0x00, 0x00,
  0x00, 0x00, 0x00, 0x00, 0x00, 0x00, 0x00, 0x00, 0x00, 0x00, 0x00, 0x00,
  0x00, 0x00, 0x00, 0x00, 0x00, 0x00, 0x00, 0x00, 0x00, 0x00, 0x00, 0x00,
  0x00, 0x00, 0x00, 0x00, 0x00, 0x00, 0x00, 0x00, 0x00, 0x00, 0x00, 0x00,
  0x00, 0x00, 0x00, 0x00, 0x00, 0x00, 0x00, 0x00, 0x00, 0x00, 0x00, 0x00,
  0x00, 0x00, 0x00, 0x00, 0x00, 0x00, 0x00, 0x00, 0x00, 0x00, 0x00, 0x00,
  0x00, 0x00, 0x00, 0x00, 0x00, 0x00, 0x00, 0x00, 0x00, 0x00, 0x00, 0x00,
  0x00, 0x00, 0x00, 0x00, 0x00, 0x00, 0x00, 0x00, 0x00, 0x00, 0x00, 0x00,
  0x00, 0x00, 0x00, 0x00, 0x00, 0x00, 0x00, 0x00, 0x00, 0x00, 0x00, 0x00,
  0x00, 0x00, 0x00, 0x00, 0x00, 0x00, 0x00, 0x00, 0x00, 0x00, 0x00, 0x00,
  0x00, 0x00, 0x00, 0x00, 0x00, 0x00, 0x00, 0x00, 0x00, 0x00, 0x00, 0x00,
  0x00, 0x00, 0x00, 0x00, 0x00, 0x00, 0x00, 0x00, 0x00, 0x00, 0x00, 0x00,
  0x00, 0x00, 0x00, 0x00, 0x00, 0x00, 0x00, 0x00, 0x00, 0x00, 0x00, 0x00,
  0x00, 0x00, 0x00, 0x00, 0x00, 0x00, 0x00, 0x00, 0x00, 0x00, 0x00, 0x00,
  0x00, 0x00, 0x00, 0x00, 0x00, 0x00, 0x00, 0x00, 0x00, 0x00, 0x00, 0x00,
  0x00, 0x00, 0x00, 0x00, 0x00, 0x00, 0x00, 0x00, 0x00, 0x00, 0x00, 0x00,
  0x00, 0x00, 0x00, 0x00, 0x00, 0x00, 0x00, 0x00, 0x00, 0x00, 0x00, 0x00,
  0x00, 0x00, 0x00, 0x00, 0x00, 0x00, 0x00, 0x00, 0x00, 0x00, 0x00, 0x00,
  0x00, 0x00, 0x00, 0x00, 0x00, 0x00, 0x00, 0x00, 0x00, 0x00, 0x00, 0x00,
  0x00, 0x00, 0x00, 0x00, 0x00, 0x00, 0x00, 0x00, 0x00, 0x00, 0x00, 0x00,
  0x00, 0x00, 0x00, 0x00, 0x00, 0x00, 0x00, 0x00, 0x00, 0x00, 0x00, 0x00,
  0x00, 0x00, 0x00, 0x00, 0x00, 0x00, 0x00, 0x00, 0x00, 0x00, 0x00, 0x00,
  0x00, 0x00, 0x00, 0x00, 0x00, 0x00, 0x00, 0x00, 0x00, 0x00, 0x00, 0x00,
  0x00, 0x00, 0x00, 0x00, 0x00, 0x00, 0x00, 0x00, 0x00, 0x00, 0x00, 0x00,
  0x00, 0x00, 0x00, 0x00, 0x00, 0x00, 0x00, 0x00, 0x00, 0x00, 0x00, 0x00,
  0x00, 0x00, 0x00, 0x00, 0x00, 0x00, 0x00, 0x00, 0x00, 0x00, 0x00, 0x00,
  0x00, 0x00, 0x00, 0x00, 0x00, 0x00, 0x00, 0x00, 0x00, 0x00, 0x00, 0x00,
  0x00, 0x00, 0x00, 0x00, 0x00, 0x00, 0x00, 0x00, 0x00, 0x00, 0x00, 0x00,
  0x00, 0x00, 0x00, 0x00, 0x00, 0x00, 0x00, 0x00, 0x00, 0x00, 0x00, 0x00,
  0x00, 0x00, 0x00, 0x00, 0x00, 0x00, 0x00, 0x00, 0x00, 0x00, 0x00, 0x00,
  0x00, 0x00, 0x00, 0x00, 0x00, 0x00, 0x00, 0x00, 0x00, 0x00, 0x00, 0x00,
  0x00, 0x00, 0x00, 0x00, 0x00, 0x00, 0x00, 0x00, 0x00, 0x00, 0x00, 0x00,
  0x00, 0x00, 0x00, 0x00, 0x00, 0x00, 0x00, 0x00, 0x00, 0x00, 0x00, 0x00,
  0x00, 0x00, 0x00, 0x00, 0x00, 0x00, 0x00, 0x00, 0x00, 0x00, 0x00, 0x00,
  0x00, 0x00, 0x00, 0x00, 0x00, 0x00, 0x00, 0x00, 0x00, 0x00, 0x00, 0x00,
  0x00, 0x00, 0x00, 0x00, 0x00, 0x00, 0x00, 0x00, 0x00, 0x00, 0x00, 0x00,
  0x00, 0x00, 0x00, 0x00, 0x00, 0x00, 0x00, 0x00, 0x00, 0x00, 0x00, 0x00,
  0x00, 0x00, 0x00, 0x00, 0x00, 0x00, 0x00, 0x00, 0x00, 0x00, 0x00, 0x00,
  0x00, 0x00, 0x00, 0x00, 0x00, 0x00, 0x00, 0x00, 0x00, 0x00, 0x00, 0x00,
  0x00, 0x00, 0x00, 0x00, 0x00, 0x00, 0x00, 0x00, 0x00, 0x00, 0x00, 0x00,
  0x00, 0x00, 0x00, 0x00, 0x00, 0x00, 0x00, 0x00, 0x00, 0x00, 0x00, 0x00,
  0x00, 0x00, 0x00, 0x00, 0x00, 0x00, 0x00, 0x00, 0x00, 0x00, 0x00, 0x00,
  0x00, 0x00, 0x00, 0x00, 0x00, 0x00, 0x00, 0x00, 0x00, 0x00, 0x00, 0x00,
  0x00, 0x00, 0x00, 0x00, 0x00, 0x00, 0x00, 0x00, 0x00, 0x00, 0x00, 0x00,
  0x00, 0x00, 0x00, 0x00, 0x00, 0x00, 0x00, 0x00, 0x00, 0x00, 0x00, 0x00,
  0x00, 0x00, 0x00, 0x00, 0x00, 0x00, 0x00, 0x00, 0x00, 0x00, 0x00, 0x00,
  0x00, 0x00, 0x00, 0x00, 0x00, 0x00, 0x00, 0x00, 0x00, 0x00, 0x00, 0x00,
  0x00, 0x00, 0x00, 0x00, 0x00, 0x00, 0x00, 0x00, 0x00, 0x00, 0x00, 0x00,
  0x00, 0x00, 0x00, 0x00, 0x00, 0x00, 0x00, 0x00, 0x00, 0x00, 0x00, 0x00,
  0x00, 0x00, 0x00, 0x00, 0x00, 0x00, 0x00, 0x00, 0x00, 0x00, 0x00, 0x00,
  0x00, 0x00, 0x00, 0x00, 0x00, 0x00, 0x00, 0x00, 0x00, 0x00, 0x00, 0x00,
  0x00, 0x00, 0x00, 0x00, 0x00, 0x00, 0x00, 0x00, 0x00, 0x00, 0x00, 0x00,
  0x00, 0x00, 0x00, 0x00, 0x00, 0x00, 0x00, 0x00, 0x00, 0x00, 0x00, 0x00,
  0x00, 0x00, 0x00, 0x00, 0x00, 0x00, 0x00, 0x00, 0x00, 0x00, 0x00, 0x00,
  0x00, 0x00, 0x00, 0x00, 0x00, 0x00, 0x00, 0x00, 0x00, 0x00, 0x00, 0x00,
  0x00, 0x00, 0x00, 0x00, 0x00, 0x00, 0x00, 0x00, 0x00, 0x00, 0x00, 0x00,
  0x00, 0x00, 0x00, 0x00, 0x00, 0x00, 0x00, 0x00, 0x00, 0x00, 0x00, 0x00,
  0x00, 0x00, 0x00, 0x00, 0x00, 0x00, 0x00, 0x00, 0x00, 0x00, 0x00, 0x00,
  0x00, 0x00, 0x00, 0x00, 0x00, 0x00, 0x00, 0x00, 0x00, 0x00, 0x00, 0x00,
  0x00, 0x00, 0x00, 0x00, 0x00, 0x00, 0x00, 0x00, 0x00, 0x00, 0x00, 0x00,
  0x00, 0x00, 0x00, 0x00, 0x00, 0x00, 0x00, 0x00, 0x00, 0x00, 0x00, 0x00,
  0x00, 0x00, 0x00, 0x00, 0x00, 0x00, 0x00, 0x00, 0x00, 0x00, 0x00, 0x00,
  0x00, 0x00, 0x00, 0x00, 0x00, 0x00, 0x00, 0x00, 0x00, 0x00, 0x00, 0x00,
  0x00, 0x00, 0x00, 0x00, 0x00, 0x00, 0x00, 0x00, 0x00, 0x00, 0x00, 0x00,
  0x00, 0x00, 0x00, 0x00, 0x00, 0x00, 0x00, 0x00, 0x00, 0x00, 0x00, 0x00,
  0x00, 0x00, 0x00, 0x00, 0x00, 0x00, 0x00, 0x00, 0x00, 0x00, 0x00, 0x00,
  0x00, 0x00, 0x00, 0x00, 0x00, 0x00, 0x00, 0x00, 0x00, 0x00, 0x00, 0x00,
  0x00, 0x00, 0x00, 0x00, 0x00, 0x00, 0x00, 0x00, 0x00, 0x00, 0x00, 0x00,
  0x00, 0x00, 0x00, 0x00, 0x00, 0x00, 0x00, 0x00, 0x00, 0x00, 0x00, 0x00,
  0x00, 0x00, 0x00, 0x00, 0x00, 0x00, 0x00, 0x00, 0x00, 0x00, 0x00, 0x00,
  0x00, 0x00, 0x00, 0x00, 0x00, 0x00, 0x00, 0x00, 0x00, 0x00, 0x00, 0x00,
  0x00, 0x00, 0x00, 0x00, 0x00, 0x00, 0x00, 0x00, 0x00, 0x00, 0x00, 0x00,
  0x00, 0x00, 0x00, 0x00, 0x00, 0x00, 0x00, 0x00, 0x00, 0x00, 0x00, 0x00,
  0x00, 0x00, 0x00, 0x00, 0x00, 0x00, 0x00, 0x00, 0x00, 0x00, 0x00, 0x00,
  0x00, 0x00, 0x00, 0x00, 0x00, 0x00, 0x00, 0x00, 0x00, 0x00, 0x00, 0x00,
  0x00, 0x00, 0x00, 0x00, 0x00, 0x00, 0x00, 0x00, 0x00, 0x00, 0x00, 0x00,
  0x00, 0x00, 0x00, 0x00, 0x00, 0x00, 0x00, 0x00, 0x00, 0x00, 0x00, 0x00,
  0x00, 0x00, 0x00, 0x00, 0x00, 0x00, 0x00, 0x00, 0x00, 0x00, 0x00, 0x00,
  0x00, 0x00, 0x00, 0x00, 0x00, 0x00, 0x00, 0x00, 0x00, 0x00, 0x00, 0x00,
  0x00, 0x00, 0x00, 0x00, 0x00, 0x00, 0x00, 0x00, 0x00, 0x00, 0x00, 0x00,
  0x00, 0x00, 0x00, 0x00, 0x00, 0x00, 0x00, 0x00, 0x00, 0x00, 0x00, 0x00,
  0x00, 0x00, 0x00, 0x00, 0x00, 0x00, 0x00, 0x00, 0x00, 0x00, 0x00, 0x00,
  0x00, 0x00, 0x00, 0x00, 0x00, 0x00, 0x00, 0x00, 0x00, 0x00, 0x00, 0x00,
  0x00, 0x00, 0x00, 0x00, 0x00, 0x00, 0x00, 0x00, 0x00, 0x00, 0x00, 0x00,
  0x00, 0x00, 0x00, 0x00, 0x00, 0x00, 0x00, 0x00, 0x00, 0x00, 0x00, 0x00,
  0x00, 0x00, 0x00, 0x00, 0x00, 0x00, 0x00, 0x00, 0x00, 0x00, 0x00, 0x00,
  0x00, 0x00, 0x00, 0x00, 0x00, 0x00, 0x00, 0x00, 0x00, 0x00, 0x00, 0x00,
  0x00, 0x00, 0x00, 0x00, 0x00, 0x00, 0x00, 0x00, 0x00, 0x00, 0x00, 0x00,
  0x00, 0x00, 0x00, 0x00, 0x00, 0x00, 0x00, 0x00, 0x00, 0x00, 0x00, 0x00,
  0x00, 0x00, 0x00, 0x00, 0x00, 0x00, 0x00, 0x00, 0x00, 0x00, 0x00, 0x00,
  0x00, 0x00, 0x00, 0x00, 0x00, 0x00, 0x00, 0x00, 0x00, 0x00, 0x00, 0x00,
  0x00, 0x00, 0x00, 0x00, 0x00, 0x00, 0x00, 0x00, 0x00, 0x00, 0x00, 0x00,
  0x00, 0x00, 0x00, 0x00, 0x00, 0x00, 0x00, 0x00, 0x00, 0x00, 0x00, 0x00,
  0x00, 0x00, 0x00, 0x00, 0x00, 0x00, 0x00, 0x00, 0x00, 0x00, 0x00, 0x00,
  0x00, 0x00, 0x00, 0x00, 0x00, 0x00, 0x00, 0x00, 0x00, 0x00, 0x00, 0x00,
  0x00, 0x00, 0x00, 0x00, 0x00, 0x00, 0x00, 0x00, 0x00, 0x00, 0x00, 0x00,
  0x00, 0x00, 0x00, 0x00, 0x00, 0x00, 0x00, 0x00, 0x00, 0x00, 0x00, 0x00,
  0x00, 0x00, 0x00, 0x00, 0x00, 0x00, 0x00, 0x00, 0x00, 0x00, 0x00, 0x00,
  0x00, 0x00, 0x00, 0x00, 0x00, 0x00, 0x00, 0x00, 0x00, 0x00, 0x00, 0x00,
  0x00, 0x00, 0x00, 0x00, 0x00, 0x00, 0x00, 0x00, 0x00, 0x00, 0x00, 0x00,
  0x00, 0x00, 0x00, 0x00, 0x00, 0x00, 0x00, 0x00, 0x00, 0x00, 0x00, 0x00,
  0x00, 0x00, 0x00, 0x00, 0x00, 0x00, 0x00, 0x00, 0x00, 0x00, 0x00, 0x00,
  0x00, 0x00, 0x00, 0x00, 0x00, 0x00, 0x00, 0x00, 0x00, 0x00, 0x00, 0x00,
  0x00, 0x00, 0x00, 0x00, 0x00, 0x00, 0x00, 0x00, 0x00, 0x00, 0x00, 0x00,
  0x00, 0x00, 0x00, 0x00, 0x00, 0x00, 0x00, 0x00, 0x00, 0x00, 0x00, 0x00,
  0x00, 0x00, 0x00, 0x00, 0x00, 0x00, 0x00, 0x00, 0x00, 0x00, 0x00, 0x00,
  0x52, 0x45, 0x53, 0x55, 0x4c, 0x54, 0x20, 0x00, 0x3a, 0x20, 0x65, 0x78,
  0x70, 0x65, 0x63, 0x74, 0x3d, 0x00, 0x20, 0x67, 0x6f, 0x74, 0x3d, 0x00,
  0x20, 0x50, 0x41, 0x53, 0x53, 0x00, 0x20, 0x46, 0x41, 0x49, 0x4c, 0x00,
  0x20, 0x53, 0x4b, 0x49, 0x50, 0x28, 0x4e, 0x4f, 0x54, 0x5f, 0x54, 0x45,
  0x53, 0x54, 0x45, 0x44, 0x29, 0x3a, 0x20, 0x00, 0x5b, 0x55, 0x53, 0x52,
  0x5f, 0x53, 0x4f, 0x43, 0x4b, 0x5f, 0x41, 0x42, 0x49, 0x5d, 0x20, 0x00,
  0x53, 0x45, 0x43, 0x54, 0x49, 0x4f, 0x4e, 0x20, 0x00, 0x49, 0x4e, 0x46,
  0x4f, 0x2d, 0x43, 0x41, 0x4c, 0x4c, 0x20, 0x00, 0x3a, 0x20, 0x72, 0x3d,
  0x00, 0x20, 0x28, 0x6e, 0x6f, 0x74, 0x20, 0x63, 0x6f, 0x75, 0x6e, 0x74,
  0x65, 0x64, 0x29, 0x00, 0x73, 0x6f, 0x63, 0x6b, 0x65, 0x74, 0x28, 0x74,
  0x79, 0x70, 0x65, 0x3d, 0x30, 0x29, 0x5f, 0x65, 0x69, 0x6e, 0x76, 0x61,
  0x6c, 0x00, 0x53, 0x31, 0x61, 0x00, 0x73, 0x6f, 0x63, 0x6b, 0x65, 0x74,
  0x28, 0x74, 0x79, 0x70, 0x65, 0x3d, 0x33, 0x29, 0x5f, 0x65, 0x69, 0x6e,
  0x76, 0x61, 0x6c, 0x00, 0x53, 0x31, 0x62, 0x00, 0x73, 0x6f, 0x63, 0x6b,
  0x65, 0x74, 0x28, 0x53, 0x54, 0x52, 0x45, 0x41, 0x4d, 0x29, 0x5f, 0x66,
  0x64, 0x5f, 0x70, 0x6f, 0x73, 0x69, 0x74, 0x69, 0x76, 0x65, 0x00, 0x53,
  0x31, 0x63, 0x00, 0x63, 0x6c, 0x6f, 0x73, 0x65, 0x28, 0x73, 0x74, 0x72,
  0x65, 0x61, 0x6d, 0x5f, 0x66, 0x64, 0x29, 0x00, 0x53, 0x31, 0x65, 0x00,
  0x73, 0x6f, 0x63, 0x6b, 0x65, 0x74, 0x28, 0x44, 0x47, 0x52, 0x41, 0x4d,
  0x29, 0x5f, 0x66, 0x64, 0x5f, 0x70, 0x6f, 0x73, 0x69, 0x74, 0x69, 0x76,
  0x65, 0x00, 0x53, 0x31, 0x64, 0x00, 0x63, 0x6c, 0x6f, 0x73, 0x65, 0x28,
  0x64, 0x67, 0x72, 0x61, 0x6d, 0x5f, 0x66, 0x64, 0x29, 0x00, 0x53, 0x31,
  0x66, 0x00, 0x73, 0x65, 0x74, 0x75, 0x70, 0x5f, 0x67, 0x6c, 0x6f, 0x62,
  0x61, 0x6c, 0x5f, 0x75, 0x64, 0x70, 0x5f, 0x66, 0x64, 0x00, 0x53, 0x32,
  0x61, 0x00, 0x53, 0x32, 0x62, 0x00, 0x62, 0x69, 0x6e, 0x64, 0x5f, 0x75,
  0x64, 0x70, 0x5f, 0x39, 0x34, 0x30, 0x31, 0x5f, 0x6f, 0x6b, 0x00, 0x53,
  0x32, 0x63, 0x00, 0x53, 0x32, 0x64, 0x00, 0x73, 0x65, 0x74, 0x75, 0x70,
  0x5f, 0x75, 0x64, 0x70, 0x32, 0x5f, 0x66, 0x64, 0x00, 0x53, 0x32, 0x65,
  0x00, 0x62, 0x69, 0x6e, 0x64, 0x5f, 0x64, 0x75, 0x70, 0x5f, 0x75, 0x64,
  0x70, 0x5f, 0x70, 0x6f, 0x72, 0x74, 0x5f, 0x65, 0x61, 0x64, 0x64, 0x72,
  0x69, 0x6e, 0x75, 0x73, 0x65, 0x00, 0x53, 0x32, 0x66, 0x00, 0x63, 0x6c,
  0x6f, 0x73, 0x65, 0x28, 0x63, 0x6f, 0x6e, 0x66, 0x6c, 0x69, 0x63, 0x74,
  0x2d, 0x70, 0x72, 0x6f, 0x62, 0x65, 0x2d, 0x75, 0x64, 0x70, 0x29, 0x00,
  0x53, 0x32, 0x7a, 0x31, 0x00, 0x62, 0x69, 0x6e, 0x64, 0x5f, 0x63, 0x6f,
  0x6e, 0x73, 0x6f, 0x6c, 0x65, 0x66, 0x64, 0x5f, 0x65, 0x6e, 0x6f, 0x74,
  0x73, 0x6f, 0x63, 0x6b, 0x00, 0x53, 0x32, 0x67, 0x00, 0x62, 0x69, 0x6e,
  0x64, 0x5f, 0x6e, 0x65, 0x67, 0x66, 0x64, 0x5f, 0x65, 0x62, 0x61, 0x64,
  0x66, 0x00, 0x53, 0x32, 0x68, 0x00, 0x62, 0x69, 0x6e, 0x64, 0x5f, 0x68,
  0x75, 0x67, 0x65, 0x66, 0x64, 0x5f, 0x65, 0x62, 0x61, 0x64, 0x66, 0x00,
  0x53, 0x32, 0x69, 0x00, 0x73, 0x65, 0x74, 0x75, 0x70, 0x5f, 0x74, 0x63,
  0x70, 0x5f, 0x61, 0x5f, 0x66, 0x64, 0x00, 0x53, 0x32, 0x6a, 0x00, 0x62,
  0x69, 0x6e, 0x64, 0x5f, 0x74, 0x63, 0x70, 0x5f, 0x39, 0x34, 0x35, 0x30,
  0x5f, 0x6c, 0x69, 0x73, 0x74, 0x65, 0x6e, 0x65, 0x72, 0x5f, 0x6f, 0x6b,
  0x00, 0x53, 0x32, 0x6b, 0x00, 0x73, 0x65, 0x74, 0x75, 0x70, 0x5f, 0x74,
  0x63, 0x70, 0x5f, 0x62, 0x5f, 0x66, 0x64, 0x00, 0x53, 0x32, 0x6c, 0x00,
  0x53, 0x32, 0x6d, 0x00, 0x53, 0x32, 0x7a, 0x32, 0x00, 0x63, 0x6c, 0x6f,
  0x73, 0x65, 0x28, 0x74, 0x63, 0x70, 0x2d, 0x6c, 0x69, 0x73, 0x74, 0x65,
  0x6e, 0x65, 0x72, 0x2d, 0x39, 0x34, 0x35, 0x30, 0x29, 0x00, 0x53, 0x32,
  0x7a, 0x33, 0x00, 0x73, 0x65, 0x74, 0x75, 0x70, 0x5f, 0x74, 0x63, 0x70,
  0x5f, 0x63, 0x5f, 0x66, 0x64, 0x00, 0x53, 0x32, 0x6e, 0x00, 0x62, 0x69,
  0x6e, 0x64, 0x5f, 0x74, 0x63, 0x70, 0x5f, 0x39, 0x34, 0x36, 0x30, 0x5f,
  0x6f, 0x6b, 0x00, 0x53, 0x32, 0x6f, 0x00, 0x6c, 0x69, 0x73, 0x74, 0x65,
  0x6e, 0x5f, 0x61, 0x66, 0x74, 0x65, 0x72, 0x5f, 0x62, 0x69, 0x6e, 0x64,
  0x5f, 0x62, 0x61, 0x63, 0x6b, 0x6c, 0x6f, 0x67, 0x38, 0x5f, 0x6f, 0x6b,
  0x00, 0x53, 0x32, 0x70, 0x00, 0x53, 0x32, 0x71, 0x00, 0x63, 0x6c, 0x6f,
  0x73, 0x65, 0x28, 0x74, 0x63, 0x70, 0x2d, 0x6c, 0x69, 0x73, 0x74, 0x65,
  0x6e, 0x65, 0x72, 0x2d, 0x39, 0x34, 0x36, 0x30, 0x29, 0x00, 0x53, 0x32,
  0x7a, 0x34, 0x00, 0x73, 0x65, 0x74, 0x75, 0x70, 0x5f, 0x74, 0x63, 0x70,
  0x5f, 0x75, 0x6e, 0x62, 0x6f, 0x75, 0x6e, 0x64, 0x5f, 0x66, 0x64, 0x00,
  0x53, 0x33, 0x61, 0x00, 0x53, 0x33, 0x62, 0x00, 0x6c, 0x69, 0x73, 0x74,
  0x65, 0x6e, 0x5f, 0x6f, 0x6e, 0x5f, 0x75, 0x64, 0x70, 0x5f, 0x73, 0x6f,
  0x63, 0x6b, 0x65, 0x74, 0x5f, 0x65, 0x69, 0x6e, 0x76, 0x61, 0x6c, 0x00,
  0x53, 0x33, 0x63, 0x00, 0x73, 0x65, 0x74, 0x75, 0x70, 0x5f, 0x74, 0x63,
  0x70, 0x5f, 0x6c, 0x30, 0x5f, 0x66, 0x64, 0x00, 0x53, 0x33, 0x64, 0x00,
  0x73, 0x65, 0x74, 0x75, 0x70, 0x5f, 0x62, 0x69, 0x6e, 0x64, 0x5f, 0x6c,
  0x30, 0x5f, 0x39, 0x34, 0x36, 0x31, 0x00, 0x53, 0x33, 0x65, 0x00, 0x53,
  0x33, 0x66, 0x00, 0x53, 0x33, 0x67, 0x00, 0x6c, 0x69, 0x73, 0x74, 0x65,
  0x6e, 0x5f, 0x63, 0x6f, 0x6e, 0x73, 0x6f, 0x6c, 0x65, 0x66, 0x64, 0x5f,
  0x65, 0x6e, 0x6f, 0x74, 0x73, 0x6f, 0x63, 0x6b, 0x00, 0x53, 0x33, 0x68,
  0x00, 0x6c, 0x69, 0x73, 0x74, 0x65, 0x6e, 0x5f, 0x6e, 0x65, 0x67, 0x66,
  0x64, 0x5f, 0x65, 0x62, 0x61, 0x64, 0x66, 0x00, 0x53, 0x33, 0x69, 0x00,
  0x63, 0x6c, 0x6f, 0x73, 0x65, 0x28, 0x6c, 0x30, 0x2d, 0x6c, 0x69, 0x73,
  0x74, 0x65, 0x6e, 0x65, 0x72, 0x29, 0x00, 0x53, 0x33, 0x7a, 0x31, 0x00,
  0x63, 0x6c, 0x6f, 0x73, 0x65, 0x28, 0x75, 0x6e, 0x62, 0x6f, 0x75, 0x6e,
  0x64, 0x2d, 0x74, 0x63, 0x70, 0x29, 0x00, 0x53, 0x33, 0x7a, 0x32, 0x00,
  0x73, 0x65, 0x74, 0x75, 0x70, 0x5f, 0x6c, 0x69, 0x73, 0x74, 0x65, 0x6e,
  0x65, 0x72, 0x5f, 0x66, 0x64, 0x28, 0x66, 0x6f, 0x72, 0x2d, 0x53, 0x34,
  0x2f, 0x53, 0x36, 0x29, 0x00, 0x53, 0x34, 0x73, 0x00, 0x73, 0x65, 0x74,
  0x75, 0x70, 0x5f, 0x62, 0x69, 0x6e, 0x64, 0x5f, 0x6c, 0x69, 0x73, 0x74,
  0x65, 0x6e, 0x65, 0x72, 0x5f, 0x39, 0x34, 0x36, 0x30, 0x00, 0x53, 0x34,
  0x74, 0x00, 0x73, 0x65, 0x74, 0x75, 0x70, 0x5f, 0x6c, 0x69, 0x73, 0x74,
  0x65, 0x6e, 0x5f, 0x62, 0x61, 0x63, 0x6b, 0x6c, 0x6f, 0x67, 0x34, 0x00,
  0x53, 0x34, 0x75, 0x00, 0x61, 0x63, 0x63, 0x65, 0x70, 0x74, 0x5f, 0x6f,
  0x6e, 0x5f, 0x75, 0x64, 0x70, 0x5f, 0x65, 0x69, 0x6e, 0x76, 0x61, 0x6c,
  0x00, 0x53, 0x34, 0x61, 0x00, 0x61, 0x63, 0x63, 0x65, 0x70, 0x74, 0x5f,
  0x6f, 0x6e, 0x5f, 0x75, 0x6e, 0x62, 0x6f, 0x75, 0x6e, 0x64, 0x5f, 0x74,
  0x63, 0x70, 0x5f, 0x65, 0x69, 0x6e, 0x76, 0x61, 0x6c, 0x00, 0x53, 0x34,
  0x62, 0x00, 0x53, 0x34, 0x7a, 0x31, 0x00, 0x61, 0x63, 0x63, 0x65, 0x70,
  0x74, 0x5f, 0x63, 0x6f, 0x6e, 0x73, 0x6f, 0x6c, 0x65, 0x66, 0x64, 0x5f,
  0x65, 0x6e, 0x6f, 0x74, 0x73, 0x6f, 0x63, 0x6b, 0x00, 0x53, 0x34, 0x63,
  0x00, 0x61, 0x63, 0x63, 0x65, 0x70, 0x74, 0x5f, 0x68, 0x75, 0x67, 0x65,
  0x66, 0x64, 0x5f, 0x65, 0x62, 0x61, 0x64, 0x66, 0x00, 0x53, 0x34, 0x64,
  0x00, 0x65, 0x6d, 0x70, 0x74, 0x79, 0x5f, 0x71, 0x75, 0x65, 0x75, 0x65,
  0x5f, 0x70, 0x6f, 0x6c, 0x6c, 0x31, 0x5f, 0x65, 0x61, 0x67, 0x61, 0x69,
  0x6e, 0x00, 0x53, 0x34, 0x65, 0x00, 0x65, 0x6d, 0x70, 0x74, 0x79, 0x5f,
  0x71, 0x75, 0x65, 0x75, 0x65, 0x5f, 0x70, 0x6f, 0x6c, 0x6c, 0x32, 0x5f,
  0x65, 0x61, 0x67, 0x61, 0x69, 0x6e, 0x00, 0x53, 0x34, 0x66, 0x00, 0x65,
  0x6d, 0x70, 0x74, 0x79, 0x5f, 0x71, 0x75, 0x65, 0x75, 0x65, 0x5f, 0x70,
  0x6f, 0x6c, 0x6c, 0x33, 0x5f, 0x65, 0x61, 0x67, 0x61, 0x69, 0x6e, 0x00,
  0x53, 0x34, 0x67, 0x00, 0x53, 0x34, 0x68, 0x00, 0x73, 0x65, 0x74, 0x75,
  0x70, 0x5f, 0x75, 0x64, 0x70, 0x5f, 0x75, 0x6e, 0x62, 0x6f, 0x75, 0x6e,
  0x64, 0x5f, 0x66, 0x64, 0x00, 0x53, 0x35, 0x61, 0x00, 0x53, 0x35, 0x62,
  0x00, 0x53, 0x35, 0x63, 0x00, 0x73, 0x65, 0x6e, 0x64, 0x74, 0x6f, 0x5f,
  0x6c, 0x65, 0x6e, 0x31, 0x34, 0x37, 0x33, 0x5f, 0x65, 0x6d, 0x73, 0x67,
  0x73, 0x69, 0x7a, 0x65, 0x00, 0x53, 0x35, 0x64, 0x00, 0x73, 0x65, 0x6e,
  0x64, 0x74, 0x6f, 0x5f, 0x6c, 0x65, 0x6e, 0x34, 0x30, 0x39, 0x36, 0x5f,
  0x65, 0x6d, 0x73, 0x67, 0x73, 0x69, 0x7a, 0x65, 0x00, 0x53, 0x35, 0x65,
  0x00, 0x53, 0x35, 0x66, 0x00, 0x53, 0x35, 0x67, 0x00, 0x72, 0x65, 0x63,
  0x76, 0x66, 0x72, 0x6f, 0x6d, 0x5f, 0x62, 0x61, 0x64, 0x62, 0x75, 0x66,
  0x5f, 0x65, 0x66, 0x61, 0x75, 0x6c, 0x74, 0x00, 0x53, 0x35, 0x68, 0x00,
  0x53, 0x35, 0x69, 0x00, 0x53, 0x35, 0x6a, 0x00, 0x53, 0x35, 0x6b, 0x00,
  0x53, 0x35, 0x6c, 0x00, 0x53, 0x35, 0x6d, 0x00, 0x63, 0x6c, 0x6f, 0x73,
  0x65, 0x28, 0x75, 0x6e, 0x62, 0x6f, 0x75, 0x6e, 0x64, 0x2d, 0x75, 0x64,
  0x70, 0x29, 0x00, 0x53, 0x35, 0x7a, 0x31, 0x00, 0x53, 0x36, 0x61, 0x00,
  0x73, 0x65, 0x6e, 0x64, 0x5f, 0x6f, 0x6e, 0x5f, 0x75, 0x6e, 0x62, 0x6f,
  0x75, 0x6e, 0x64, 0x5f, 0x74, 0x63, 0x70, 0x5f, 0x65, 0x6e, 0x6f, 0x74,
  0x63, 0x6f, 0x6e, 0x6e, 0x00, 0x53, 0x36, 0x62, 0x00, 0x72, 0x65, 0x63,
  0x76, 0x5f, 0x6f, 0x6e, 0x5f, 0x75, 0x6e, 0x62, 0x6f, 0x75, 0x6e, 0x64,
  0x5f, 0x74, 0x63, 0x70, 0x5f, 0x65, 0x6e, 0x6f, 0x74, 0x63, 0x6f, 0x6e,
  0x6e, 0x00, 0x53, 0x36, 0x63, 0x00, 0x73, 0x65, 0x6e, 0x64, 0x5f, 0x6f,
  0x6e, 0x5f, 0x4c, 0x49, 0x53, 0x54, 0x45, 0x4e, 0x5f, 0x73, 0x6f, 0x63,
  0x6b, 0x5f, 0x65, 0x6e, 0x6f, 0x74, 0x63, 0x6f, 0x6e, 0x6e, 0x00, 0x53,
  0x36, 0x64, 0x00, 0x72, 0x65, 0x63, 0x76, 0x5f, 0x6f, 0x6e, 0x5f, 0x4c,
  0x49, 0x53, 0x54, 0x45, 0x4e, 0x5f, 0x73, 0x6f, 0x63, 0x6b, 0x5f, 0x65,
  0x6e, 0x6f, 0x74, 0x63, 0x6f, 0x6e, 0x6e, 0x00, 0x53, 0x36, 0x65, 0x00,
  0x73, 0x65, 0x6e, 0x64, 0x5f, 0x63, 0x6f, 0x6e, 0x73, 0x6f, 0x6c, 0x65,
  0x66, 0x64, 0x5f, 0x65, 0x6e, 0x6f, 0x74, 0x73, 0x6f, 0x63, 0x6b, 0x00,
  0x53, 0x36, 0x66, 0x00, 0x72, 0x65, 0x63, 0x76, 0x5f, 0x73, 0x74, 0x64,
  0x65, 0x72, 0x72, 0x66, 0x64, 0x5f, 0x65, 0x6e, 0x6f, 0x74, 0x73, 0x6f,
  0x63, 0x6b, 0x00, 0x53, 0x36, 0x67, 0x00, 0x73, 0x65, 0x6e, 0x64, 0x5f,
  0x6e, 0x65, 0x67, 0x66, 0x64, 0x5f, 0x65, 0x62, 0x61, 0x64, 0x66, 0x00,
  0x53, 0x36, 0x68, 0x00, 0x72, 0x65, 0x63, 0x76, 0x5f, 0x68, 0x75, 0x67,
  0x65, 0x66, 0x64, 0x5f, 0x65, 0x62, 0x61, 0x64, 0x66, 0x00, 0x53, 0x36,
  0x69, 0x00, 0x53, 0x36, 0x6a, 0x00, 0x53, 0x36, 0x7a, 0x31, 0x00, 0x73,
  0x65, 0x74, 0x75, 0x70, 0x5f, 0x75, 0x64, 0x70, 0x5f, 0x66, 0x64, 0x00,
  0x53, 0x37, 0x61, 0x00, 0x63, 0x6c, 0x6f, 0x73, 0x65, 0x5f, 0x73, 0x6f,
  0x63, 0x6b, 0x65, 0x74, 0x5f, 0x6e, 0x72, 0x32, 0x38, 0x5f, 0x6f, 0x6b,
  0x00, 0x53, 0x37, 0x62, 0x00, 0x53, 0x37, 0x63, 0x00, 0x63, 0x6c, 0x6f,
  0x73, 0x65, 0x5f, 0x6e, 0x65, 0x76, 0x65, 0x72, 0x5f, 0x6f, 0x70, 0x65,
  0x6e, 0x65, 0x64, 0x5f, 0x66, 0x64, 0x33, 0x31, 0x5f, 0x65, 0x62, 0x61,
  0x64, 0x66, 0x00, 0x53, 0x37, 0x64, 0x00, 0x63, 0x6c, 0x6f, 0x73, 0x65,
  0x5f, 0x6e, 0x65, 0x67, 0x31, 0x5f, 0x65, 0x62, 0x61, 0x64, 0x66, 0x00,
  0x53, 0x37, 0x65, 0x00, 0x73, 0x65, 0x74, 0x75, 0x70, 0x5f, 0x75, 0x64,
  0x70, 0x5f, 0x66, 0x64, 0x32, 0x00, 0x53, 0x37, 0x66, 0x00, 0x53, 0x37,
  0x67, 0x00, 0x53, 0x37, 0x68, 0x00, 0x73, 0x65, 0x74, 0x75, 0x70, 0x5f,
  0x75, 0x64, 0x70, 0x5f, 0x66, 0x64, 0x33, 0x00, 0x53, 0x37, 0x69, 0x00,
  0x63, 0x6c, 0x6f, 0x73, 0x65, 0x5f, 0x66, 0x6f, 0x72, 0x5f, 0x72, 0x65,
  0x75, 0x73, 0x65, 0x5f, 0x74, 0x65, 0x73, 0x74, 0x00, 0x53, 0x37, 0x6a,
  0x00, 0x72, 0x65, 0x6f, 0x70, 0x65, 0x6e, 0x5f, 0x66, 0x64, 0x00, 0x53,
  0x37, 0x6b, 0x00, 0x53, 0x37, 0x6c, 0x00, 0x63, 0x6c, 0x6f, 0x73, 0x65,
  0x28, 0x72, 0x65, 0x75, 0x73, 0x65, 0x64, 0x5f, 0x66, 0x64, 0x29, 0x00,
  0x53, 0x37, 0x6d, 0x00, 0x2f, 0x64, 0x65, 0x76, 0x2f, 0x6e, 0x75, 0x6c,
  0x6c, 0x00, 0x6f, 0x70, 0x65, 0x6e, 0x5f, 0x64, 0x65, 0x76, 0x6e, 0x75,
  0x6c, 0x6c, 0x5f, 0x70, 0x6c, 0x61, 0x69, 0x6e, 0x5f, 0x66, 0x64, 0x00,
  0x53, 0x37, 0x73, 0x00, 0x53, 0x37, 0x74, 0x00, 0x53, 0x37, 0x75, 0x00,
  0x53, 0x37, 0x7a, 0x35, 0x00, 0x53, 0x37, 0x76, 0x00, 0x53, 0x37, 0x6e,
  0x00, 0x20, 0x74, 0x65, 0x72, 0x6d, 0x69, 0x6e, 0x61, 0x6c, 0x3d, 0x00,
  0x20, 0x63, 0x61, 0x70, 0x5f, 0x65, 0x66, 0x66, 0x3d, 0x6d, 0x69, 0x6e,
  0x28, 0x54, 0x43, 0x50, 0x5f, 0x4d, 0x41, 0x58, 0x5f, 0x43, 0x4f, 0x4e,
  0x4e, 0x53, 0x2c, 0x00, 0x29, 0x20, 0x62, 0x61, 0x73, 0x69, 0x73, 0x3d,
  0x6e, 0x65, 0x74, 0x2e, 0x68, 0x3a, 0x38, 0x36, 0x2b, 0x76, 0x66, 0x73,
  0x2e, 0x68, 0x3a, 0x34, 0x00, 0x63, 0x6c, 0x6f, 0x73, 0x65, 0x28, 0x65,
  0x78, 0x68, 0x61, 0x75, 0x73, 0x74, 0x65, 0x64, 0x2d, 0x74, 0x63, 0x70,
  0x29, 0x00, 0x53, 0x37, 0x7a, 0x31, 0x00, 0x53, 0x37, 0x6f, 0x00, 0x63,
  0x6c, 0x6f, 0x73, 0x65, 0x28, 0x72, 0x65, 0x63, 0x79, 0x63, 0x6c, 0x65,
  0x64, 0x2d, 0x74, 0x63, 0x70, 0x29, 0x00, 0x53, 0x37, 0x7a, 0x32, 0x00,
  0x53, 0x37, 0x71, 0x00, 0x63, 0x6c, 0x6f, 0x73, 0x65, 0x28, 0x65, 0x78,
  0x68, 0x61, 0x75, 0x73, 0x74, 0x65, 0x64, 0x2d, 0x75, 0x64, 0x70, 0x29,
  0x00, 0x53, 0x37, 0x7a, 0x33, 0x00, 0x53, 0x37, 0x72, 0x00, 0x63, 0x6c,
  0x6f, 0x73, 0x65, 0x28, 0x72, 0x65, 0x63, 0x79, 0x63, 0x6c, 0x65, 0x64,
  0x2d, 0x75, 0x64, 0x70, 0x29, 0x00, 0x53, 0x37, 0x7a, 0x34, 0x00, 0x53,
  0x38, 0x20, 0x6d, 0x69, 0x73, 0x63, 0x3a, 0x20, 0x75, 0x6e, 0x6b, 0x6e,
  0x6f, 0x77, 0x6e, 0x2d, 0x6e, 0x72, 0x20, 0x72, 0x6f, 0x75, 0x74, 0x69,
  0x6e, 0x67, 0x00, 0x75, 0x6e, 0x6b, 0x6e, 0x6f, 0x77, 0x6e, 0x5f, 0x6e,
  0x72, 0x39, 0x39, 0x5f, 0x65, 0x6e, 0x6f, 0x73, 0x79, 0x73, 0x00, 0x53,
  0x38, 0x61, 0x00, 0x53, 0x38, 0x62, 0x00, 0x63, 0x6c, 0x6f, 0x73, 0x65,
  0x28, 0x6d, 0x61, 0x69, 0x6e, 0x2d, 0x6c, 0x69, 0x73, 0x74, 0x65, 0x6e,
  0x65, 0x72, 0x29, 0x00, 0x45, 0x4e, 0x44, 0x7a, 0x31, 0x00, 0x63, 0x6c,
  0x6f, 0x73, 0x65, 0x28, 0x67, 0x6c, 0x6f, 0x62, 0x61, 0x6c, 0x2d, 0x75,
  0x64, 0x70, 0x29, 0x00, 0x45, 0x4e, 0x44, 0x7a, 0x32, 0x00, 0x20, 0x66,
  0x61, 0x69, 0x6c, 0x65, 0x64, 0x3d, 0x00, 0x20, 0x78, 0x66, 0x61, 0x69,
  0x6c, 0x3d, 0x00, 0x20, 0x73, 0x6b, 0x69, 0x70, 0x3d, 0x00, 0x55, 0x53,
  0x52, 0x5f, 0x53, 0x4f, 0x43, 0x4b, 0x5f, 0x41, 0x42, 0x49, 0x20, 0x56,
  0x45, 0x52, 0x44, 0x49, 0x43, 0x54, 0x20, 0x72, 0x63, 0x3d, 0x00, 0x00,
  0x75, 0x73, 0x65, 0x72, 0x2d, 0x6d, 0x6f, 0x64, 0x65, 0x20, 0x73, 0x6f,
  0x63, 0x6b, 0x65, 0x74, 0x20, 0x41, 0x42, 0x49, 0x20, 0x74, 0x65, 0x73,
  0x74, 0x20, 0x73, 0x75, 0x69, 0x74, 0x65, 0x20, 0x76, 0x31, 0x20, 0x28,
  0x63, 0x6f, 0x64, 0x65, 0x31, 0x30, 0x2c, 0x20, 0x74, 0x65, 0x73, 0x74,
  0x73, 0x2d, 0x6f, 0x6e, 0x6c, 0x79, 0x29, 0x00, 0x65, 0x78, 0x70, 0x65,
  0x63, 0x74, 0x2d, 0x62, 0x61, 0x73, 0x69, 0x73, 0x3a, 0x20, 0x73, 0x79,
  0x73, 0x63, 0x61, 0x6c, 0x6c, 0x2e, 0x63, 0x2f, 0x6e, 0x65, 0x74, 0x5f,
  0x74, 0x63, 0x70, 0x2e, 0x63, 0x2f, 0x76, 0x66, 0x73, 0x2e, 0x63, 0x2f,
  0x70, 0x61, 0x67, 0x69, 0x6e, 0x67, 0x2e, 0x63, 0x20, 0x40, 0x77, 0x6f,
  0x72, 0x6b, 0x74, 0x72, 0x65, 0x65, 0x20, 0x48, 0x45, 0x41, 0x44, 0x3d,
  0x36, 0x31, 0x31, 0x62, 0x30, 0x38, 0x30, 0x2b, 0x20, 0x28, 0x63, 0x61,
  0x70, 0x20, 0x74, 0x69, 0x65, 0x72, 0x31, 0x3a, 0x20, 0x6e, 0x65, 0x74,
  0x2e, 0x68, 0x3a, 0x38, 0x36, 0x20, 0x54, 0x43, 0x50, 0x5f, 0x4d, 0x41,
  0x58, 0x5f, 0x43, 0x4f, 0x4e, 0x4e, 0x53, 0x20, 0x31, 0x36, 0x2d, 0x3e,
  0x36, 0x34, 0x29, 0x00, 0x74, 0x72, 0x69, 0x67, 0x67, 0x65, 0x72, 0x2d,
  0x70, 0x61, 0x74, 0x68, 0x20, 0x6e, 0x6f, 0x74, 0x65, 0x3a, 0x20, 0x72,
  0x65, 0x71, 0x75, 0x69, 0x72, 0x65, 0x73, 0x20, 0x61, 0x72, 0x62, 0x69,
  0x74, 0x72, 0x61, 0x72, 0x79, 0x2d, 0x45, 0x4c, 0x46, 0x20, 0x65, 0x78,
  0x65, 0x63, 0x20, 0x28, 0x4e, 0x4f, 0x54, 0x20, 0x61, 0x76, 0x61, 0x69,
  0x6c, 0x61, 0x62, 0x6c, 0x65, 0x20, 0x61, 0x74, 0x20, 0x74, 0x68, 0x69,
  0x73, 0x20, 0x68, 0x65, 0x61, 0x64, 0x3a, 0x20, 0x73, 0x79, 0x73, 0x5f,
  0x65, 0x78, 0x65, 0x63, 0x20, 0x65, 0x6d, 0x62, 0x65, 0x64, 0x64, 0x65,
  0x64, 0x20, 0x62, 0x72, 0x61, 0x6e, 0x63, 0x68, 0x20, 0x6d, 0x61, 0x74,
  0x63, 0x68, 0x65, 0x73, 0x20, 0x6f, 0x6e, 0x6c, 0x79, 0x20, 0x2f, 0x62,
  0x69, 0x6e, 0x2f, 0x73, 0x68, 0x65, 0x6c, 0x6c, 0x3b, 0x20, 0x64, 0x65,
  0x76, 0x66, 0x73, 0x20, 0x68, 0x61, 0x73, 0x20, 0x6e, 0x6f, 0x20, 0x72,
  0x65, 0x67, 0x75, 0x6c, 0x61, 0x72, 0x20, 0x66, 0x69, 0x6c, 0x65, 0x73,
  0x29, 0x2e, 0x20, 0x52, 0x75, 0x6e, 0x74, 0x69, 0x6d, 0x65, 0x20, 0x72,
  0x65, 0x73, 0x75, 0x6c, 0x74, 0x73, 0x20, 0x61, 0x72, 0x65, 0x20, 0x4e,
  0x4f, 0x54, 0x5f, 0x54, 0x45, 0x53, 0x54, 0x45, 0x44, 0x20, 0x75, 0x6e,
  0x74, 0x69, 0x6c, 0x20, 0x77, 0x69, 0x72, 0x65, 0x64, 0x2e, 0x00, 0x00,
  0x00, 0x00, 0x00, 0x00, 0x6d, 0x61, 0x72, 0x6b, 0x65, 0x72, 0x20, 0x63,
  0x6f, 0x6e, 0x74, 0x72, 0x61, 0x63, 0x74, 0x3a, 0x20, 0x67, 0x72, 0x65,
  0x70, 0x20, 0x27, 0x52, 0x45, 0x53, 0x55, 0x4c, 0x54, 0x20, 0x27, 0x20,
  0x2f, 0x20, 0x27, 0x53, 0x55, 0x4d, 0x4d, 0x41, 0x52, 0x59, 0x5b, 0x75,
  0x73, 0x65, 0x72, 0x5f, 0x73, 0x6f, 0x63, 0x6b, 0x5f, 0x61, 0x62, 0x69,
  0x5d, 0x27, 0x20, 0x2f, 0x20, 0x27, 0x55, 0x53, 0x52, 0x5f, 0x53, 0x4f,
  0x43, 0x4b, 0x5f, 0x41, 0x42, 0x49, 0x20, 0x56, 0x45, 0x52, 0x44, 0x49,
  0x43, 0x54, 0x27, 0x00, 0x53, 0x31, 0x20, 0x73, 0x6f, 0x63, 0x6b, 0x65,
  0x74, 0x28, 0x29, 0x3a, 0x20, 0x74, 0x79, 0x70, 0x65, 0x20, 0x77, 0x68,
  0x69, 0x74, 0x65, 0x6c, 0x69, 0x73, 0x74, 0x20, 0x2b, 0x20, 0x61, 0x6c,
  0x6c, 0x6f, 0x63, 0x61, 0x74, 0x69, 0x6f, 0x6e, 0x00, 0x00, 0x00, 0x00,
  0x53, 0x32, 0x20, 0x62, 0x69, 0x6e, 0x64, 0x28, 0x29, 0x3a, 0x20, 0x70,
  0x6f, 0x72, 0x74, 0x20, 0x63, 0x6f, 0x6e, 0x66, 0x6c, 0x69, 0x63, 0x74,
  0x73, 0x20, 0x2f, 0x20, 0x74, 0x79, 0x70, 0x65, 0x20, 0x72, 0x75, 0x6c,
  0x65, 0x73, 0x20, 0x2f, 0x20, 0x62, 0x61, 0x64, 0x2d, 0x66, 0x64, 0x20,
  0x66, 0x61, 0x6d, 0x69, 0x6c, 0x79, 0x00, 0x00, 0x62, 0x69, 0x6e, 0x64,
  0x5f, 0x75, 0x64, 0x70, 0x5f, 0x70, 0x6f, 0x72, 0x74, 0x30, 0x5f, 0x65,
  0x69, 0x6e, 0x76, 0x61, 0x6c, 0x28, 0x6e, 0x6f, 0x6e, 0x2d, 0x4c, 0x69,
  0x6e, 0x75, 0x78, 0x2d, 0x64, 0x69, 0x76, 0x65, 0x72, 0x67, 0x65, 0x6e,
  0x63, 0x65, 0x29, 0x00, 0x72, 0x65, 0x2d, 0x62, 0x69, 0x6e, 0x64, 0x5f,
  0x73, 0x61, 0x6d, 0x65, 0x5f, 0x73, 0x6f, 0x63, 0x6b, 0x5f, 0x6e, 0x65,
  0x77, 0x70, 0x6f, 0x72, 0x74, 0x5f, 0x65, 0x69, 0x6e, 0x76, 0x61, 0x6c,
  0x28, 0x74, 0x79, 0x70, 0x65, 0x2d, 0x64, 0x72, 0x69, 0x76, 0x65, 0x6e,
  0x29, 0x00, 0x00, 0x00, 0x20, 0x74, 0x63, 0x70, 0x2d, 0x64, 0x75, 0x70,
  0x2d, 0x62, 0x69, 0x6e, 0x64, 0x2d, 0x74, 0x61, 0x72, 0x67, 0x65, 0x74,
  0x3d, 0x2d, 0x39, 0x38, 0x20, 0x6b, 0x6e, 0x6f, 0x77, 0x6e, 0x2d, 0x48,
  0x32, 0x2f, 0x44, 0x31, 0x2d, 0x61, 0x74, 0x74, 0x61, 0x63, 0x68, 0x3d,
  0x30, 0x3a, 0x20, 0x67, 0x6f, 0x74, 0x3d, 0x00, 0x20, 0x50, 0x41, 0x53,
  0x53, 0x20, 0x28, 0x74, 0x61, 0x72, 0x67, 0x65, 0x74, 0x20, 0x73, 0x65,
  0x6d, 0x61, 0x6e, 0x74, 0x69, 0x63, 0x73, 0x20, 0x72, 0x65, 0x73, 0x74,
  0x6f, 0x72, 0x65, 0x64, 0x29, 0x00, 0x00, 0x00, 0x20, 0x58, 0x46, 0x41,
  0x49, 0x4c, 0x20, 0x28, 0x48, 0x32, 0x2f, 0x44, 0x31, 0x20, 0x61, 0x74,
  0x74, 0x61, 0x63, 0x68, 0x2d, 0x6d, 0x6f, 0x64, 0x65, 0x2c, 0x20, 0x64,
  0x6f, 0x63, 0x75, 0x6d, 0x65, 0x6e, 0x74, 0x65, 0x64, 0x20, 0x64, 0x65,
  0x76, 0x69, 0x61, 0x74, 0x69, 0x6f, 0x6e, 0x29, 0x00, 0x00, 0x00, 0x00,
  0x63, 0x6c, 0x6f, 0x73, 0x65, 0x28, 0x61, 0x74, 0x74, 0x61, 0x63, 0x68,
  0x2d, 0x6d, 0x6f, 0x64, 0x65, 0x2d, 0x73, 0x6f, 0x63, 0x6b, 0x2c, 0x20,
  0x61, 0x6d, 0x62, 0x69, 0x67, 0x75, 0x6f, 0x75, 0x73, 0x2d, 0x70, 0x61,
  0x74, 0x68, 0x29, 0x00, 0x61, 0x63, 0x63, 0x65, 0x70, 0x74, 0x5f, 0x62,
  0x6f, 0x75, 0x6e, 0x64, 0x5f, 0x6c, 0x69, 0x73, 0x74, 0x65, 0x6e, 0x65,
  0x72, 0x5f, 0x65, 0x6d, 0x70, 0x74, 0x79, 0x5f, 0x71, 0x75, 0x65, 0x75,
  0x65, 0x5f, 0x65, 0x61, 0x67, 0x61, 0x69, 0x6e, 0x00, 0x00, 0x00, 0x00,
  0x53, 0x33, 0x20, 0x6c, 0x69, 0x73, 0x74, 0x65, 0x6e, 0x28, 0x29, 0x3a,
  0x20, 0x75, 0x6e, 0x62, 0x6f, 0x75, 0x6e, 0x64, 0x2f, 0x55, 0x44, 0x50,
  0x20, 0x74, 0x61, 0x72, 0x67, 0x65, 0x74, 0x73, 0x20, 0x2b, 0x20, 0x62,
  0x61, 0x63, 0x6b, 0x6c, 0x6f, 0x67, 0x20, 0x76, 0x61, 0x6c, 0x75, 0x65,
  0x73, 0x00, 0x00, 0x00, 0x6c, 0x69, 0x73, 0x74, 0x65, 0x6e, 0x5f, 0x62,
  0x65, 0x66, 0x6f, 0x72, 0x65, 0x5f, 0x62, 0x69, 0x6e, 0x64, 0x5f, 0x65,
  0x69, 0x6e, 0x76, 0x61, 0x6c, 0x28, 0x4c, 0x31, 0x2d, 0x6b, 0x6e, 0x6f,
  0x77, 0x6e, 0x2d, 0x67, 0x61, 0x70, 0x29, 0x00, 0x6c, 0x69, 0x73, 0x74,
  0x65, 0x6e, 0x5f, 0x62, 0x61, 0x63, 0x6b, 0x6c, 0x6f, 0x67, 0x30, 0x5f,
  0x6f, 0x6b, 0x28, 0x74, 0x72, 0x65, 0x61, 0x74, 0x65, 0x64, 0x2d, 0x61,
  0x73, 0x2d, 0x31, 0x2d, 0x69, 0x6e, 0x74, 0x65, 0x72, 0x6e, 0x61, 0x6c,
  0x6c, 0x79, 0x29, 0x00, 0x6c, 0x69, 0x73, 0x74, 0x65, 0x6e, 0x5f, 0x62,
  0x61, 0x63, 0x6b, 0x6c, 0x6f, 0x67, 0x39, 0x39, 0x39, 0x5f, 0x6f, 0x6b,
  0x28, 0x63, 0x6c, 0x61, 0x6d, 0x70, 0x65, 0x64, 0x2d, 0x74, 0x6f, 0x2d,
  0x54, 0x43, 0x50, 0x5f, 0x4d, 0x41, 0x58, 0x5f, 0x43, 0x4f, 0x4e, 0x4e,
  0x53, 0x5f, 0x69, 0x6e, 0x74, 0x65, 0x72, 0x6e, 0x61, 0x6c, 0x6c, 0x79,
  0x29, 0x00, 0x00, 0x00, 0x53, 0x34, 0x20, 0x61, 0x63, 0x63, 0x65, 0x70,
  0x74, 0x28, 0x29, 0x3a, 0x20, 0x6e, 0x6f, 0x6e, 0x2d, 0x6c, 0x69, 0x73,
  0x74, 0x65, 0x6e, 0x20, 0x74, 0x61, 0x72, 0x67, 0x65, 0x74, 0x73, 0x20,
  0x2b, 0x20, 0x6e, 0x6f, 0x6e, 0x2d, 0x62, 0x6c, 0x6f, 0x63, 0x6b, 0x69,
  0x6e, 0x67, 0x20, 0x65, 0x6d, 0x70, 0x74, 0x79, 0x20, 0x71, 0x75, 0x65,
  0x75, 0x65, 0x00, 0x00, 0x62, 0x61, 0x63, 0x6b, 0x6c, 0x6f, 0x67, 0x20,
  0x71, 0x75, 0x65, 0x75, 0x65, 0x2d, 0x64, 0x65, 0x70, 0x74, 0x68, 0x20,
  0x26, 0x20, 0x6f, 0x76, 0x65, 0x72, 0x66, 0x6c, 0x6f, 0x77, 0x2d, 0x52,
  0x53, 0x54, 0x20, 0x6e, 0x65, 0x65, 0x64, 0x20, 0x65, 0x78, 0x74, 0x65,
  0x72, 0x6e, 0x61, 0x6c, 0x20, 0x53, 0x59, 0x4e, 0x20, 0x64, 0x72, 0x69,
  0x76, 0x65, 0x72, 0x20, 0x28, 0x73, 0x6c, 0x69, 0x72, 0x70, 0x20, 0x68,
  0x6f, 0x73, 0x74, 0x66, 0x77, 0x64, 0x20, 0x68, 0x61, 0x72, 0x6e, 0x65,
  0x73, 0x73, 0x29, 0x3b, 0x20, 0x70, 0x6c, 0x61, 0x6e, 0x6e, 0x65, 0x64,
  0x20, 0x6d, 0x61, 0x72, 0x6b, 0x65, 0x72, 0x20, 0x70, 0x72, 0x6f, 0x74,
  0x6f, 0x63, 0x6f, 0x6c, 0x20, 0x69, 0x6e, 0x20, 0x52, 0x45, 0x41, 0x44,
  0x4d, 0x45, 0x20, 0xc2, 0xa7, 0x37, 0x00, 0x00, 0x53, 0x35, 0x20, 0x73,
  0x65, 0x6e, 0x64, 0x74, 0x6f, 0x2f, 0x72, 0x65, 0x63, 0x76, 0x66, 0x72,
  0x6f, 0x6d, 0x28, 0x29, 0x3a, 0x20, 0x76, 0x61, 0x6c, 0x69, 0x64, 0x61,
  0x74, 0x69, 0x6f, 0x6e, 0x20, 0x6f, 0x72, 0x64, 0x65, 0x72, 0x20, 0x2b,
  0x20, 0x45, 0x46, 0x41, 0x55, 0x4c, 0x54, 0x20, 0x2b, 0x20, 0x45, 0x41,
  0x47, 0x41, 0x49, 0x4e, 0x00, 0x00, 0x00, 0x00, 0x73, 0x65, 0x6e, 0x64,
  0x74, 0x6f, 0x5f, 0x75, 0x6e, 0x62, 0x6f, 0x75, 0x6e, 0x64, 0x5f, 0x65,
  0x61, 0x64, 0x64, 0x72, 0x6e, 0x6f, 0x74, 0x61, 0x76, 0x61, 0x69, 0x6c,
  0x28, 0x4d, 0x32, 0x2d, 0x6f, 0x72, 0x64, 0x65, 0x72, 0x3a, 0x61, 0x66,
  0x74, 0x65, 0x72, 0x2d, 0x45, 0x46, 0x41, 0x55, 0x4c, 0x54, 0x2f, 0x45,
  0x4d, 0x53, 0x47, 0x53, 0x49, 0x5a, 0x45, 0x29, 0x00, 0x00, 0x00, 0x00,
  0x72, 0x65, 0x63, 0x76, 0x66, 0x72, 0x6f, 0x6d, 0x5f, 0x75, 0x6e, 0x62,
  0x6f, 0x75, 0x6e, 0x64, 0x5f, 0x71, 0x75, 0x65, 0x75, 0x65, 0x5f, 0x65,
  0x6d, 0x70, 0x74, 0x79, 0x5f, 0x65, 0x61, 0x67, 0x61, 0x69, 0x6e, 0x00,
  0x73, 0x65, 0x6e, 0x64, 0x74, 0x6f, 0x5f, 0x6c, 0x6f, 0x77, 0x70, 0x74,
  0x72, 0x5f, 0x30, 0x78, 0x31, 0x30, 0x30, 0x5f, 0x65, 0x66, 0x61, 0x75,
  0x6c, 0x74, 0x28, 0x75, 0x73, 0x65, 0x72, 0x5f, 0x72, 0x61, 0x6e, 0x67,
  0x65, 0x5f, 0x70, 0x72, 0x65, 0x63, 0x68, 0x65, 0x63, 0x6b, 0x29, 0x00,
  0x73, 0x65, 0x6e, 0x64, 0x74, 0x6f, 0x5f, 0x62, 0x6f, 0x75, 0x6e, 0x64,
  0x61, 0x72, 0x79, 0x5f, 0x70, 0x74, 0x72, 0x5f, 0x30, 0x78, 0x42, 0x46,
  0x43, 0x30, 0x30, 0x30, 0x30, 0x30, 0x5f, 0x65, 0x66, 0x61, 0x75, 0x6c,
  0x74, 0x28, 0x61, 0x72, 0x69, 0x74, 0x68, 0x6d, 0x65, 0x74, 0x69, 0x63,
  0x2d, 0x72, 0x65, 0x6a, 0x65, 0x63, 0x74, 0x29, 0x00, 0x00, 0x00, 0x00,
  0x72, 0x65, 0x63, 0x76, 0x66, 0x72, 0x6f, 0x6d, 0x5f, 0x62, 0x61, 0x64,
  0x5f, 0x69, 0x70, 0x6f, 0x75, 0x74, 0x5f, 0x65, 0x66, 0x61, 0x75, 0x6c,
  0x74, 0x28, 0x34, 0x42, 0x2d, 0x6f, 0x75, 0x74, 0x2d, 0x6f, 0x62, 0x6a,
  0x65, 0x63, 0x74, 0x29, 0x00, 0x00, 0x00, 0x00, 0x72, 0x65, 0x63, 0x76,
  0x66, 0x72, 0x6f, 0x6d, 0x5f, 0x62, 0x61, 0x64, 0x5f, 0x70, 0x6f, 0x72,
  0x74, 0x6f, 0x75, 0x74, 0x5f, 0x65, 0x66, 0x61, 0x75, 0x6c, 0x74, 0x28,
  0x32, 0x42, 0x2d, 0x6f, 0x75, 0x74, 0x2d, 0x6f, 0x62, 0x6a, 0x65, 0x63,
  0x74, 0x29, 0x00, 0x00, 0x72, 0x65, 0x63, 0x76, 0x66, 0x72, 0x6f, 0x6d,
  0x5f, 0x62, 0x6f, 0x75, 0x6e, 0x64, 0x5f, 0x62, 0x75, 0x74, 0x5f, 0x6e,
  0x6f, 0x5f, 0x73, 0x65, 0x6e, 0x64, 0x65, 0x72, 0x5f, 0x65, 0x61, 0x67,
  0x61, 0x69, 0x6e, 0x00, 0x6d, 0x75, 0x6c, 0x74, 0x69, 0x2d, 0x73, 0x6f,
  0x63, 0x6b, 0x65, 0x74, 0x20, 0x64, 0x69, 0x72, 0x65, 0x63, 0x74, 0x65,
  0x64, 0x2d, 0x64, 0x65, 0x6c, 0x69, 0x76, 0x65, 0x72, 0x79, 0x20, 0x69,
  0x73, 0x6f, 0x6c, 0x61, 0x74, 0x69, 0x6f, 0x6e, 0x20, 0x6e, 0x65, 0x65,
  0x64, 0x73, 0x20, 0x65, 0x78, 0x74, 0x65, 0x72, 0x6e, 0x61, 0x6c, 0x20,
  0x55, 0x44, 0x50, 0x20, 0x64, 0x72, 0x69, 0x76, 0x65, 0x72, 0x00, 0x00,
  0x6c, 0x65, 0x6e, 0x3d, 0x31, 0x34, 0x37, 0x32, 0x20, 0x62, 0x6f, 0x75,
  0x6e, 0x64, 0x61, 0x72, 0x79, 0x20, 0x61, 0x63, 0x63, 0x65, 0x70, 0x74,
  0x61, 0x6e, 0x63, 0x65, 0x20, 0x67, 0x6f, 0x65, 0x73, 0x20, 0x6f, 0x6e,
  0x2d, 0x77, 0x69, 0x72, 0x65, 0x20, 0x28, 0x41, 0x52, 0x50, 0x2f, 0x74,
  0x69, 0x6d, 0x69, 0x6e, 0x67, 0x20, 0x64, 0x65, 0x70, 0x65, 0x6e, 0x64,
  0x65, 0x6e, 0x74, 0x29, 0x3b, 0x20, 0x64, 0x72, 0x69, 0x76, 0x65, 0x72,
  0x2d, 0x61, 0x73, 0x73, 0x69, 0x73, 0x74, 0x65, 0x64, 0x20, 0x63, 0x61,
  0x73, 0x65, 0x00, 0x00, 0x53, 0x36, 0x20, 0x73, 0x65, 0x6e, 0x64, 0x2f,
  0x72, 0x65, 0x63, 0x76, 0x28, 0x29, 0x3a, 0x20, 0x45, 0x4e, 0x4f, 0x54,
  0x43, 0x4f, 0x4e, 0x4e, 0x20, 0x67, 0x61, 0x74, 0x65, 0x20, 0x62, 0x65,
  0x66, 0x6f, 0x72, 0x65, 0x20, 0x70, 0x6f, 0x69, 0x6e, 0x74, 0x65, 0x72,
  0x20, 0x63, 0x68, 0x65, 0x63, 0x6b, 0x73, 0x00, 0x45, 0x53, 0x54, 0x41,
  0x42, 0x20, 0x64, 0x61, 0x74, 0x61, 0x2d, 0x70, 0x6c, 0x61, 0x6e, 0x65,
  0x20, 0x28, 0x70, 0x61, 0x72, 0x74, 0x69, 0x61, 0x6c, 0x2d, 0x77, 0x72,
  0x69, 0x74, 0x65, 0x2f, 0x45, 0x41, 0x47, 0x41, 0x49, 0x4e, 0x2f, 0x45,
  0x4f, 0x46, 0x3d, 0x30, 0x2f, 0x73, 0x65, 0x6e, 0x64, 0x2d, 0x45, 0x46,
  0x41, 0x55, 0x4c, 0x54, 0x2d, 0x6f, 0x6e, 0x2d, 0x45, 0x53, 0x54, 0x41,
  0x42, 0x29, 0x20, 0x6e, 0x65, 0x65, 0x64, 0x73, 0x20, 0x61, 0x6e, 0x20,
  0x61, 0x63, 0x63, 0x65, 0x70, 0x74, 0x65, 0x64, 0x20, 0x63, 0x6f, 0x6e,
  0x6e, 0x65, 0x63, 0x74, 0x69, 0x6f, 0x6e, 0x20, 0x66, 0x72, 0x6f, 0x6d,
  0x20, 0x65, 0x78, 0x74, 0x65, 0x72, 0x6e, 0x61, 0x6c, 0x20, 0x64, 0x72,
  0x69, 0x76, 0x65, 0x72, 0x3b, 0x20, 0x6e, 0x6f, 0x74, 0x65, 0x20, 0x73,
  0x65, 0x6e, 0x64, 0x2f, 0x72, 0x65, 0x63, 0x76, 0x20, 0x45, 0x46, 0x41,
  0x55, 0x4c, 0x54, 0x20, 0x73, 0x75, 0x62, 0x63, 0x61, 0x73, 0x65, 0x73,
  0x20, 0x61, 0x72, 0x65, 0x20, 0x75, 0x6e, 0x72, 0x65, 0x61, 0x63, 0x68,
  0x61, 0x62, 0x6c, 0x65, 0x20, 0x70, 0x72, 0x65, 0x2d, 0x45, 0x53, 0x54,
  0x41, 0x42, 0x20, 0x62, 0x79, 0x20, 0x64, 0x65, 0x73, 0x69, 0x67, 0x6e,
  0x20, 0x28, 0x45, 0x4e, 0x4f, 0x54, 0x43, 0x4f, 0x4e, 0x4e, 0x20, 0x67,
  0x61, 0x74, 0x65, 0x20, 0x70, 0x72, 0x65, 0x63, 0x65, 0x64, 0x65, 0x73,
  0x20, 0x70, 0x6f, 0x69, 0x6e, 0x74, 0x65, 0x72, 0x20, 0x63, 0x68, 0x65,
  0x63, 0x6b, 0x2c, 0x20, 0x73, 0x79, 0x73, 0x63, 0x61, 0x6c, 0x6c, 0x2e,
  0x63, 0x20, 0x4d, 0x32, 0x20, 0x6f, 0x72, 0x64, 0x65, 0x72, 0x69, 0x6e,
  0x67, 0x29, 0x00, 0x00, 0x53, 0x37, 0x20, 0x63, 0x6c, 0x6f, 0x73, 0x65,
  0x2f, 0x64, 0x6f, 0x75, 0x62, 0x6c, 0x65, 0x2d, 0x63, 0x6c, 0x6f, 0x73,
  0x65, 0x2f, 0x66, 0x64, 0x2d, 0x65, 0x78, 0x68, 0x61, 0x75, 0x73, 0x74,
  0x69, 0x6f, 0x6e, 0x2f, 0x6e, 0x72, 0x33, 0x2d, 0x72, 0x65, 0x61, 0x64,
  0x28, 0x4c, 0x38, 0x2d, 0x64, 0x65, 0x66, 0x75, 0x73, 0x65, 0x64, 0x29,
  0x2f, 0x72, 0x65, 0x63, 0x79, 0x63, 0x6c, 0x65, 0x00, 0x00, 0x00, 0x00,
  0x64, 0x6f, 0x75, 0x62, 0x6c, 0x65, 0x5f, 0x63, 0x6c, 0x6f, 0x73, 0x65,
  0x5f, 0x65, 0x62, 0x61, 0x64, 0x66, 0x28, 0x66, 0x64, 0x2d, 0x73, 0x6c,
  0x6f, 0x74, 0x2d, 0x66, 0x72, 0x65, 0x65, 0x64, 0x29, 0x00, 0x00, 0x00,
  0x6e, 0x72, 0x36, 0x5f, 0x61, 0x6c, 0x69, 0x61, 0x73, 0x5f, 0x63, 0x6c,
  0x6f, 0x73, 0x65, 0x5f, 0x6f, 0x6e, 0x5f, 0x73, 0x6f, 0x63, 0x6b, 0x65,
  0x74, 0x5f, 0x65, 0x62, 0x61, 0x64, 0x66, 0x28, 0x4c, 0x38, 0x2d, 0x6b,
  0x69, 0x6e, 0x64, 0x2d, 0x69, 0x73, 0x6f, 0x6c, 0x61, 0x74, 0x69, 0x6f,
  0x6e, 0x29, 0x00, 0x00, 0x6e, 0x72, 0x32, 0x38, 0x5f, 0x63, 0x6c, 0x6f,
  0x73, 0x65, 0x5f, 0x6f, 0x6b, 0x5f, 0x61, 0x66, 0x74, 0x65, 0x72, 0x5f,
  0x61, 0x6c, 0x69, 0x61, 0x73, 0x5f, 0x72, 0x65, 0x6a, 0x65, 0x63, 0x74,
  0x00, 0x00, 0x00, 0x00, 0x6c, 0x6f, 0x77, 0x65, 0x73, 0x74, 0x5f, 0x66,
  0x72, 0x65, 0x65, 0x5f, 0x73, 0x6c, 0x6f, 0x74, 0x5f, 0x72, 0x65, 0x75,
  0x73, 0x65, 0x28, 0x76, 0x66, 0x73, 0x5f, 0x66, 0x64, 0x5f, 0x61, 0x6c,
  0x6c, 0x6f, 0x63, 0x2d, 0x4c, 0x32, 0x2d, 0x70, 0x6f, 0x6c, 0x69, 0x63,
  0x79, 0x29, 0x00, 0x00, 0x6e, 0x72, 0x33, 0x5f, 0x69, 0x73, 0x5f, 0x72,
  0x65, 0x61, 0x64, 0x5f, 0x6e, 0x6f, 0x74, 0x5f, 0x63, 0x6c, 0x6f, 0x73,
  0x65, 0x28, 0x66, 0x69, 0x72, 0x73, 0x74, 0x5f, 0x63, 0x61, 0x6c, 0x6c,
  0x5f, 0x72, 0x65, 0x74, 0x75, 0x72, 0x6e, 0x73, 0x5f, 0x30, 0x29, 0x00,
  0x66, 0x64, 0x5f, 0x73, 0x75, 0x72, 0x76, 0x69, 0x76, 0x65, 0x73, 0x5f,
  0x6e, 0x72, 0x33, 0x5f, 0x63, 0x61, 0x6c, 0x6c, 0x28, 0x63, 0x6c, 0x6f,
  0x73, 0x65, 0x5f, 0x61, 0x6c, 0x69, 0x61, 0x73, 0x5f, 0x72, 0x65, 0x6d,
  0x6f, 0x76, 0x65, 0x64, 0x29, 0x00, 0x00, 0x00, 0x6e, 0x72, 0x36, 0x5f,
  0x63, 0x6c, 0x6f, 0x73, 0x65, 0x28, 0x70, 0x6c, 0x61, 0x69, 0x6e, 0x5f,
  0x66, 0x69, 0x6c, 0x65, 0x5f, 0x73, 0x74, 0x69, 0x6c, 0x6c, 0x5f, 0x77,
  0x6f, 0x72, 0x6b, 0x73, 0x29, 0x00, 0x00, 0x00, 0x6e, 0x72, 0x33, 0x5f,
  0x72, 0x65, 0x61, 0x64, 0x5f, 0x61, 0x66, 0x74, 0x65, 0x72, 0x5f, 0x63,
  0x6c, 0x6f, 0x73, 0x65, 0x5f, 0x65, 0x62, 0x61, 0x64, 0x66, 0x28, 0x72,
  0x65, 0x61, 0x64, 0x5f, 0x70, 0x61, 0x74, 0x68, 0x5f, 0x76, 0x61, 0x6c,
  0x69, 0x64, 0x61, 0x74, 0x69, 0x6f, 0x6e, 0x29, 0x00, 0x00, 0x00, 0x00,
  0x74, 0x63, 0x70, 0x5f, 0x65, 0x78, 0x68, 0x61, 0x75, 0x73, 0x74, 0x69,
  0x6f, 0x6e, 0x5f, 0x74, 0x65, 0x72, 0x6d, 0x69, 0x6e, 0x61, 0x6c, 0x5f,
  0x65, 0x6d, 0x66, 0x69, 0x6c, 0x65, 0x5f, 0x63, 0x6f, 0x75, 0x6e, 0x74,
  0x5f, 0x69, 0x6e, 0x5f, 0x5b, 0x31, 0x2c, 0x63, 0x61, 0x70, 0x5f, 0x65,
  0x66, 0x66, 0x5d, 0x00, 0x5b, 0x55, 0x53, 0x52, 0x5f, 0x53, 0x4f, 0x43,
  0x4b, 0x5f, 0x41, 0x42, 0x49, 0x5d, 0x20, 0x49, 0x4e, 0x46, 0x4f, 0x20,
  0x74, 0x63, 0x70, 0x5f, 0x65, 0x78, 0x68, 0x61, 0x75, 0x73, 0x74, 0x69,
  0x6f, 0x6e, 0x3a, 0x20, 0x6f, 0x70, 0x65, 0x6e, 0x65, 0x64, 0x3d, 0x00,
  0x74, 0x63, 0x70, 0x5f, 0x73, 0x6c, 0x6f, 0x74, 0x5f, 0x72, 0x65, 0x63,
  0x79, 0x63, 0x6c, 0x65, 0x5f, 0x61, 0x66, 0x74, 0x65, 0x72, 0x5f, 0x6d,
  0x61, 0x73, 0x73, 0x5f, 0x63, 0x6c, 0x6f, 0x73, 0x65, 0x00, 0x00, 0x00,
  0x75, 0x64, 0x70, 0x5f, 0x65, 0x78, 0x68, 0x61, 0x75, 0x73, 0x74, 0x69,
  0x6f, 0x6e, 0x5f, 0x74, 0x65, 0x72, 0x6d, 0x69, 0x6e, 0x61, 0x6c, 0x5f,
  0x65, 0x6d, 0x66, 0x69, 0x6c, 0x65, 0x5f, 0x63, 0x6f, 0x75, 0x6e, 0x74,
  0x5f, 0x69, 0x6e, 0x5f, 0x5b, 0x31, 0x2c, 0x38, 0x5d, 0x00, 0x00, 0x00,
  0x5b, 0x55, 0x53, 0x52, 0x5f, 0x53, 0x4f, 0x43, 0x4b, 0x5f, 0x41, 0x42,
  0x49, 0x5d, 0x20, 0x49, 0x4e, 0x46, 0x4f, 0x20, 0x75, 0x64, 0x70, 0x5f,
  0x65, 0x78, 0x68, 0x61, 0x75, 0x73, 0x74, 0x69, 0x6f, 0x6e, 0x3a, 0x20,
  0x6f, 0x70, 0x65, 0x6e, 0x65, 0x64, 0x3d, 0x00, 0x75, 0x64, 0x70, 0x5f,
  0x73, 0x6c, 0x6f, 0x74, 0x5f, 0x72, 0x65, 0x63, 0x79, 0x63, 0x6c, 0x65,
  0x5f, 0x61, 0x66, 0x74, 0x65, 0x72, 0x5f, 0x6d, 0x61, 0x73, 0x73, 0x5f,
  0x63, 0x6c, 0x6f, 0x73, 0x65, 0x00, 0x00, 0x00, 0x6c, 0x61, 0x79, 0x65,
  0x72, 0x69, 0x6e, 0x67, 0x20, 0x6e, 0x6f, 0x74, 0x65, 0x20, 0x28, 0x70,
  0x6f, 0x73, 0x74, 0x20, 0x63, 0x61, 0x70, 0x2d, 0x74, 0x69, 0x65, 0x72,
  0x31, 0x29, 0x3a, 0x20, 0x54, 0x43, 0x50, 0x20, 0x63, 0x61, 0x70, 0x3d,
  0x36, 0x34, 0x20, 0x28, 0x6e, 0x65, 0x74, 0x2e, 0x68, 0x3a, 0x38, 0x36,
  0x29, 0x20, 0x3e, 0x3d, 0x20, 0x56, 0x46, 0x53, 0x5f, 0x4d, 0x41, 0x58,
  0x5f, 0x46, 0x44, 0x3d, 0x33, 0x32, 0x20, 0x28, 0x76, 0x66, 0x73, 0x2e,
  0x68, 0x3a, 0x34, 0x29, 0x2c, 0x20, 0x73, 0x6f, 0x20, 0x66, 0x6f, 0x72,
  0x20, 0x72, 0x69, 0x6e, 0x67, 0x33, 0x20, 0x73, 0x6f, 0x63, 0x6b, 0x65,
  0x74, 0x20, 0x73, 0x74, 0x6f, 0x72, 0x6d, 0x73, 0x20, 0x74, 0x68, 0x65,
  0x20, 0x47, 0x4c, 0x4f, 0x42, 0x41, 0x4c, 0x20, 0x66, 0x64, 0x20, 0x74,
  0x61, 0x62, 0x6c, 0x65, 0x20, 0x63, 0x6f, 0x2d, 0x62, 0x69, 0x6e, 0x64,
  0x73, 0x20, 0x6f, 0x72, 0x20, 0x62, 0x69, 0x6e, 0x64, 0x73, 0x20, 0x66,
  0x69, 0x72, 0x73, 0x74, 0x3b, 0x20, 0x70, 0x72, 0x6f, 0x74, 0x6f, 0x63,
  0x6f, 0x6c, 0x20, 0x63, 0x61, 0x70, 0x73, 0x20, 0x73, 0x74, 0x69, 0x6c,
  0x6c, 0x20, 0x62, 0x69, 0x6e, 0x64, 0x20, 0x55, 0x44, 0x50, 0x28, 0x38,
  0x29, 0x20, 0x61, 0x6e, 0x64, 0x20, 0x6b, 0x65, 0x72, 0x6e, 0x65, 0x6c,
  0x2d, 0x73, 0x69, 0x64, 0x65, 0x20, 0x75, 0x73, 0x65, 0x72, 0x73, 0x2e,
  0x20, 0x53, 0x37, 0x6e, 0x2f, 0x53, 0x37, 0x71, 0x20, 0x74, 0x68, 0x65,
  0x72, 0x65, 0x66, 0x6f, 0x72, 0x65, 0x20, 0x61, 0x73, 0x73, 0x65, 0x72,
  0x74, 0x20, 0x65, 0x72, 0x72, 0x6e, 0x6f, 0x2b, 0x69, 0x6e, 0x74, 0x65,
  0x72, 0x76, 0x61, 0x6c, 0x20, 0x6f, 0x6e, 0x6c, 0x79, 0x3a, 0x20, 0x74,
  0x65, 0x72, 0x6d, 0x69, 0x6e, 0x61, 0x6c, 0x20, 0x65, 0x72, 0x72, 0x6e,
  0x6f, 0x20, 0x69, 0x73, 0x20, 0x2d, 0x45, 0x4d, 0x46, 0x49, 0x4c, 0x45,
  0x20, 0x76, 0x69, 0x61, 0x20, 0x65, 0x69, 0x74, 0x68, 0x65, 0x72, 0x20,
  0x70, 0x61, 0x74, 0x68, 0x20, 0x28, 0x6e, 0x65, 0x74, 0x20, 0x74, 0x61,
  0x62, 0x6c, 0x65, 0x73, 0x20, 0x2f, 0x20, 0x76, 0x66, 0x73, 0x5f, 0x73,
  0x6f, 0x63, 0x6b, 0x65, 0x74, 0x5f, 0x69, 0x6e, 0x73, 0x74, 0x61, 0x6c,
  0x6c, 0x20, 0x76, 0x66, 0x73, 0x2e, 0x63, 0x3a, 0x38, 0x36, 0x29, 0x00,
  0x76, 0x66, 0x73, 0x5f, 0x67, 0x61, 0x70, 0x5f, 0x6e, 0x72, 0x31, 0x37,
  0x5f, 0x65, 0x6e, 0x6f, 0x73, 0x79, 0x73, 0x28, 0x64, 0x65, 0x66, 0x61,
  0x75, 0x6c, 0x74, 0x2d, 0x66, 0x61, 0x6c, 0x6c, 0x74, 0x68, 0x72, 0x6f,
  0x75, 0x67, 0x68, 0x29, 0x00, 0x00, 0x00, 0x00, 0x53, 0x55, 0x4d, 0x4d,
  0x41, 0x52, 0x59, 0x5b, 0x75, 0x73, 0x65, 0x72, 0x5f, 0x73, 0x6f, 0x63,
  0x6b, 0x5f, 0x61, 0x62, 0x69, 0x5d, 0x3a, 0x20, 0x70, 0x61, 0x73, 0x73,
  0x65, 0x64, 0x3d, 0x00, 0x20, 0x28, 0x78, 0x66, 0x61, 0x69, 0x6c, 0x2f,
  0x73, 0x6b, 0x69, 0x70, 0x20, 0x65, 0x78, 0x63, 0x6c, 0x75, 0x64, 0x65,
  0x64, 0x3b, 0x20, 0x61, 0x6c, 0x69, 0x67, 0x6e, 0x73, 0x20, 0x6e, 0x65,
  0x74, 0x5f, 0x73, 0x75, 0x69, 0x74, 0x65, 0x2e, 0x70, 0x79, 0x20, 0x45,
  0x58, 0x49, 0x54, 0x5f, 0x4f, 0x4b, 0x2f, 0x45, 0x58, 0x49, 0x54, 0x5f,
  0x41, 0x53, 0x53, 0x45, 0x52, 0x54, 0x29, 0x00, 0x47, 0x43, 0x43, 0x3a,
  0x20, 0x28, 0x55, 0x62, 0x75, 0x6e, 0x74, 0x75, 0x20, 0x31, 0x33, 0x2e,
  0x33, 0x2e, 0x30, 0x2d, 0x36, 0x75, 0x62, 0x75, 0x6e, 0x74, 0x75, 0x32,
  0x7e, 0x32, 0x34, 0x2e, 0x30, 0x34, 0x2e, 0x31, 0x29, 0x20, 0x31, 0x33,
  0x2e, 0x33, 0x2e, 0x30, 0x00, 0x00, 0x00, 0x00, 0x00, 0x00, 0x00, 0x00,
  0x00, 0x00, 0x00, 0x00, 0x00, 0x00, 0x00, 0x00, 0x00, 0x00, 0x00, 0x00,
  0x01, 0x00, 0x00, 0x00, 0x00, 0x00, 0x00, 0x00, 0x00, 0x00, 0x00, 0x00,
  0x04, 0x00, 0xf1, 0xff, 0x16, 0x00, 0x00, 0x00, 0x40, 0x14, 0x40, 0x00,
  0x39, 0x00, 0x00, 0x00, 0x02, 0x00, 0x01, 0x00, 0x1b, 0x00, 0x00, 0x00,
  0x14, 0x47, 0x40, 0x00, 0x04, 0x00, 0x00, 0x00, 0x01, 0x00, 0x03, 0x00,
  0x1e, 0x00, 0x00, 0x00, 0x20, 0x47, 0x40, 0x00, 0xe0, 0x00, 0x00, 0x00,
  0x01, 0x00, 0x03, 0x00, 0x21, 0x00, 0x00, 0x00, 0x80, 0x14, 0x40, 0x00,
  0xc5, 0x00, 0x00, 0x00, 0x02, 0x00, 0x01, 0x00, 0x28, 0x00, 0x00, 0x00,
  0x50, 0x15, 0x40, 0x00, 0x62, 0x00, 0x00, 0x00, 0x02, 0x00, 0x01, 0x00,
  0x31, 0x00, 0x00, 0x00, 0xc0, 0x15, 0x40, 0x00, 0xb6, 0x00, 0x00, 0x00,
  0x02, 0x00, 0x01, 0x00, 0x35, 0x00, 0x00, 0x00, 0x0c, 0x47, 0x40, 0x00,
  0x04, 0x00, 0x00, 0x00, 0x01, 0x00, 0x03, 0x00, 0x3c, 0x00, 0x00, 0x00,
  0x10, 0x47, 0x40, 0x00, 0x04, 0x00, 0x00, 0x00, 0x01, 0x00, 0x03, 0x00,
  0x45, 0x00, 0x00, 0x00, 0x80, 0x16, 0x40, 0x00, 0x58, 0x00, 0x00, 0x00,
  0x02, 0x00, 0x01, 0x00, 0x43, 0x00, 0x00, 0x00, 0x04, 0x47, 0x40, 0x00,
  0x04, 0x00, 0x00, 0x00, 0x01, 0x00, 0x03, 0x00, 0x4a, 0x00, 0x00, 0x00,
  0xe0, 0x16, 0x40, 0x00, 0x3d, 0x00, 0x00, 0x00, 0x02, 0x00, 0x01, 0x00,
  0x4f, 0x00, 0x00, 0x00, 0x20, 0x17, 0x40, 0x00, 0x3d, 0x00, 0x00, 0x00,
  0x02, 0x00, 0x01, 0x00, 0x57, 0x00, 0x00, 0x00, 0x60, 0x17, 0x40, 0x00,
  0xe7, 0x01, 0x00, 0x00, 0x02, 0x00, 0x01, 0x00, 0x61, 0x00, 0x00, 0x00,
  0x00, 0x47, 0x40, 0x00, 0x04, 0x00, 0x00, 0x00, 0x01, 0x00, 0x03, 0x00,
  0x6d, 0x00, 0x00, 0x00, 0x80, 0x46, 0x40, 0x00, 0x80, 0x00, 0x00, 0x00,
  0x01, 0x00, 0x03, 0x00, 0x73, 0x00, 0x00, 0x00, 0x64, 0x46, 0x40, 0x00,
  0x04, 0x00, 0x00, 0x00, 0x01, 0x00, 0x03, 0x00, 0x7b, 0x00, 0x00, 0x00,
  0x60, 0x46, 0x40, 0x00, 0x02, 0x00, 0x00, 0x00, 0x01, 0x00, 0x03, 0x00,
  0x83, 0x00, 0x00, 0x00, 0x60, 0x45, 0x40, 0x00, 0x00, 0x01, 0x00, 0x00,
  0x01, 0x00, 0x03, 0x00, 0x88, 0x00, 0x00, 0x00, 0x08, 0x47, 0x40, 0x00,
  0x04, 0x00, 0x00, 0x00, 0x01, 0x00, 0x03, 0x00, 0x95, 0x00, 0x00, 0x00,
  0x50, 0x19, 0x40, 0x00, 0x05, 0x00, 0x00, 0x00, 0x12, 0x00, 0x01, 0x00,
  0x90, 0x00, 0x00, 0x00, 0x60, 0x45, 0x40, 0x00, 0x00, 0x00, 0x00, 0x00,
  0x10, 0x00, 0x03, 0x00, 0x9c, 0x00, 0x00, 0x00, 0x00, 0x00, 0x40, 0x00,
  0x36, 0x14, 0x00, 0x00, 0x12, 0x00, 0x01, 0x00, 0xa1, 0x00, 0x00, 0x00,
  0x5c, 0x45, 0x40, 0x00, 0x00, 0x00, 0x00, 0x00, 0x10, 0x00, 0x03, 0x00,
  0xa8, 0x00, 0x00, 0x00, 0x00, 0x48, 0x40, 0x00, 0x00, 0x00, 0x00, 0x00,
  0x10, 0x00, 0x03, 0x00, 0x00, 0x75, 0x73, 0x65, 0x72, 0x5f, 0x73, 0x6f,
  0x63, 0x6b, 0x5f, 0x61, 0x62, 0x69, 0x5f, 0x74, 0x65, 0x73, 0x74, 0x2e,
  0x63, 0x00, 0x6c, 0x62, 0x5f, 0x73, 0x00, 0x6c, 0x6e, 0x00, 0x6c, 0x62,
  0x00, 0x6c, 0x62, 0x5f, 0x64, 0x65, 0x63, 0x00, 0x6c, 0x62, 0x5f, 0x66,
  0x6c, 0x75, 0x73, 0x68, 0x00, 0x63, 0x68, 0x6b, 0x00, 0x67, 0x5f, 0x66,
  0x61, 0x69, 0x6c, 0x00, 0x67, 0x5f, 0x70, 0x61, 0x73, 0x73, 0x00, 0x67,
  0x5f, 0x73, 0x6b, 0x69, 0x70, 0x00, 0x69, 0x6e, 0x66, 0x6f, 0x00, 0x73,
  0x65, 0x63, 0x74, 0x69, 0x6f, 0x6e, 0x00, 0x69, 0x6e, 0x66, 0x6f, 0x5f,
  0x63, 0x61, 0x6c, 0x6c, 0x00, 0x67, 0x5f, 0x75, 0x64, 0x70, 0x5f, 0x62,
  0x6f, 0x75, 0x6e, 0x64, 0x00, 0x69, 0x6f, 0x62, 0x75, 0x66, 0x00, 0x72,
  0x69, 0x70, 0x5f, 0x6f, 0x75, 0x74, 0x00, 0x72, 0x70, 0x74, 0x5f, 0x6f,
  0x75, 0x74, 0x00, 0x6b, 0x65, 0x70, 0x74, 0x00, 0x67, 0x5f, 0x78, 0x66,
  0x61, 0x69, 0x6c, 0x00, 0x5f, 0x5f, 0x62, 0x73, 0x73, 0x5f, 0x73, 0x74,
  0x61, 0x72, 0x74, 0x00, 0x6d, 0x61, 0x69, 0x6e, 0x00, 0x5f, 0x65, 0x64,
  0x61, 0x74, 0x61, 0x00, 0x5f, 0x65, 0x6e, 0x64, 0x00, 0x00, 0x2e, 0x73,
  0x79, 0x6d, 0x74, 0x61, 0x62, 0x00, 0x2e, 0x73, 0x74, 0x72, 0x74, 0x61,
  0x62, 0x00, 0x2e, 0x73, 0x68, 0x73, 0x74, 0x72, 0x74, 0x61, 0x62, 0x00,
  0x2e, 0x74, 0x65, 0x78, 0x74, 0x00, 0x2e, 0x72, 0x6f, 0x64, 0x61, 0x74,
  0x61, 0x00, 0x2e, 0x62, 0x73, 0x73, 0x00, 0x2e, 0x63, 0x6f, 0x6d, 0x6d,
  0x65, 0x6e, 0x74, 0x00, 0x00, 0x00, 0x00, 0x00, 0x00, 0x00, 0x00, 0x00,
  0x00, 0x00, 0x00, 0x00, 0x00, 0x00, 0x00, 0x00, 0x00, 0x00, 0x00, 0x00,
  0x00, 0x00, 0x00, 0x00, 0x00, 0x00, 0x00, 0x00, 0x00, 0x00, 0x00, 0x00,
  0x00, 0x00, 0x00, 0x00, 0x00, 0x00, 0x00, 0x00, 0x1b, 0x00, 0x00, 0x00,
  0x01, 0x00, 0x00, 0x00, 0x06, 0x00, 0x00, 0x00, 0x00, 0x00, 0x40, 0x00,
  0x00, 0x10, 0x00, 0x00, 0x55, 0x19, 0x00, 0x00, 0x00, 0x00, 0x00, 0x00,
  0x00, 0x00, 0x00, 0x00, 0x10, 0x00, 0x00, 0x00, 0x00, 0x00, 0x00, 0x00,
  0x21, 0x00, 0x00, 0x00, 0x01, 0x00, 0x00, 0x00, 0x32, 0x00, 0x00, 0x00,
  0x00, 0x20, 0x40, 0x00, 0x00, 0x30, 0x00, 0x00, 0x5c, 0x15, 0x00, 0x00,
  0x00, 0x00, 0x00, 0x00, 0x00, 0x00, 0x00, 0x00, 0x04, 0x00, 0x00, 0x00,
  0x01, 0x00, 0x00, 0x00, 0x29, 0x00, 0x00, 0x00, 0x08, 0x00, 0x00, 0x00,
  0x03, 0x00, 0x00, 0x00, 0x60, 0x45, 0x40, 0x00, 0x60, 0x45, 0x00, 0x00,
  0xa0, 0x02, 0x00, 0x00, 0x00, 0x00, 0x00, 0x00, 0x00, 0x00, 0x00, 0x00,
  0x20, 0x00, 0x00, 0x00, 0x00, 0x00, 0x00, 0x00, 0x2e, 0x00, 0x00, 0x00,
  0x01, 0x00, 0x00, 0x00, 0x30, 0x00, 0x00, 0x00, 0x00, 0x00, 0x00, 0x00,
  0x5c, 0x45, 0x00, 0x00, 0x2d, 0x00, 0x00, 0x00, 0x00, 0x00, 0x00, 0x00,
  0x00, 0x00, 0x00, 0x00, 0x01, 0x00, 0x00, 0x00, 0x01, 0x00, 0x00, 0x00,
  0x01, 0x00, 0x00, 0x00, 0x02, 0x00, 0x00, 0x00, 0x00, 0x00, 0x00, 0x00,
  0x00, 0x00, 0x00, 0x00, 0x8c, 0x45, 0x00, 0x00, 0xa0, 0x01, 0x00, 0x00,
  0x06, 0x00, 0x00, 0x00, 0x15, 0x00, 0x00, 0x00, 0x04, 0x00, 0x00, 0x00,
  0x10, 0x00, 0x00, 0x00, 0x09, 0x00, 0x00, 0x00, 0x03, 0x00, 0x00, 0x00,
  0x00, 0x00, 0x00, 0x00, 0x00, 0x00, 0x00, 0x00, 0x2c, 0x47, 0x00, 0x00,
  0xad, 0x00, 0x00, 0x00, 0x00, 0x00, 0x00, 0x00, 0x00, 0x00, 0x00, 0x00,
  0x01, 0x00, 0x00, 0x00, 0x00, 0x00, 0x00, 0x00, 0x11, 0x00, 0x00, 0x00,
  0x03, 0x00, 0x00, 0x00, 0x00, 0x00, 0x00, 0x00, 0x00, 0x00, 0x00, 0x00,
  0xd9, 0x47, 0x00, 0x00, 0x37, 0x00, 0x00, 0x00, 0x00, 0x00, 0x00, 0x00,
  0x00, 0x00, 0x00, 0x00, 0x01, 0x00, 0x00, 0x00, 0x00, 0x00, 0x00, 0x00
};
unsigned int sock_abi_elf_len = 18768;

#endif /* CATOS_SOCK_ABI_BIN_H */
